packet_index,time_boot_ms,lat_deg,lon_deg,alt_m,relative_alt_m,heading_deg,vx_mps,vy_mps,vz_mps
32,8523587,63.440509,10.3487768,16.28,9.421,206.57,-0.03,0.04,0.07
111,8523927,63.4405089,10.348777,16.34,9.481,207.08,-0.02,0.01,-0.07
194,8524247,63.4405089,10.3487772,16.33,9.478,207.13,-0.03,0.03,-0.07
281,8524587,63.4405088,10.3487774,16.3,9.441,207.3,-0.03,0.0,-0.02
369,8524927,63.4405086,10.3487774,16.25,9.399,207.15,-0.06,0.0,0.0
444,8525247,63.4405085,10.3487775,16.28,9.425,207.49,-0.05,0.0,-0.05
530,8525587,63.4405083,10.3487776,16.28,9.425,207.59,-0.06,-0.03,-0.04
616,8525927,63.4405082,10.3487773,16.22,9.365,207.67,-0.05,-0.06,0.0
692,8526247,63.440508,10.3487769,16.28,9.42,207.61,-0.04,-0.08,-0.02
779,8526587,63.4405079,10.3487767,16.26,9.407,208.09,-0.01,0.0,0.08
855,8526907,63.4405079,10.3487769,16.21,9.354,208.26,0.0,0.02,0.11
942,8527247,63.4405079,10.348777,16.23,9.375,208.57,-0.02,0.06,-0.04
1028,8527587,63.4405079,10.3487776,16.23,9.375,208.76,-0.03,0.07,-0.01
1104,8527907,63.4405078,10.348778,16.23,9.371,208.75,-0.04,0.04,0.01
1191,8528247,63.4405077,10.3487782,16.16,9.302,208.4,-0.08,0.01,-0.05
1277,8528587,63.4405075,10.3487783,16.16,9.304,208.2,-0.07,0.0,-0.05
1353,8528907,63.4405074,10.3487784,16.22,9.365,208.33,-0.04,-0.04,-0.03
1439,8529247,63.4405072,10.3487782,16.17,9.311,208.18,-0.05,-0.06,0.0
1526,8529587,63.4405071,10.3487778,16.2,9.345,208.09,-0.03,-0.06,-0.01
1602,8529907,63.4405069,10.3487774,16.27,9.417,208.0,-0.05,-0.04,0.02
1688,8530247,63.4405068,10.3487773,16.21,9.359,208.58,-0.03,0.0,0.07
1775,8530587,63.4405067,10.3487773,16.19,9.332,208.34,-0.05,0.04,0.0
1851,8530907,63.4405065,10.3487776,16.26,9.4,208.23,-0.05,0.04,0.0
1937,8531247,63.4405064,10.3487779,16.21,9.351,207.8,-0.05,0.05,0.01
2024,8531587,63.4405063,10.3487783,16.13,9.274,207.96,-0.02,0.07,0.0
2101,8531907,63.4405063,10.3487787,16.17,9.319,207.4,-0.04,0.05,-0.04
2187,8532247,63.4405062,10.3487787,16.21,9.353,207.03,-0.04,-0.03,-0.12
2274,8532587,63.440506,10.3487784,16.14,9.282,206.53,-0.08,-0.07,-0.04
2350,8532907,63.4405057,10.3487778,16.22,9.362,206.24,-0.06,-0.09,-0.03
2436,8533247,63.4405055,10.3487775,16.25,9.395,206.18,-0.05,-0.02,0.07
2514,8533567,63.4405053,10.3487773,16.15,9.294,206.3,-0.04,0.02,0.11
2599,8533907,63.4405052,10.3487773,16.19,9.33,205.99,-0.06,0.0,-0.02
2685,8534247,63.440505,10.3487773,16.26,9.404,205.41,-0.03,0.0,-0.03
2763,8534567,63.440505,10.3487774,16.26,9.405,205.4,-0.01,0.01,-0.02
2848,8534907,63.440505,10.3487775,16.2,9.342,205.08,-0.03,0.0,0.02
2934,8535247,63.4405049,10.3487775,16.23,9.377,204.56,-0.07,0.0,-0.06
3012,8535567,63.4405048,10.3487776,16.28,9.428,204.1,-0.07,-0.01,-0.04
3097,8535907,63.4405046,10.3487775,16.25,9.398,203.95,-0.07,-0.03,-0.03
3183,8536247,63.4405044,10.3487775,16.28,9.424,203.58,-0.07,0.0,-0.03
3261,8536567,63.4405042,10.3487775,16.35,9.495,203.21,-0.04,-0.02,0.01
3346,8536907,63.4405042,10.3487776,16.32,9.464,203.04,-0.02,0.02,0.0
3433,8537247,63.4405041,10.3487776,16.37,9.51,202.74,-0.01,-0.01,-0.08
3510,8537567,63.4405042,10.3487776,16.39,9.536,202.22,-0.01,-0.04,-0.05
3595,8537907,63.4405041,10.3487773,16.41,9.553,201.68,-0.03,-0.03,-0.04
3682,8538247,63.4405041,10.3487772,16.46,9.601,201.7,-0.03,-0.01,0.0
3759,8538567,63.4405039,10.3487771,16.38,9.528,201.37,-0.08,0.02,0.05
3845,8538907,63.4405037,10.3487773,16.41,9.551,201.05,-0.09,0.02,-0.04
3931,8539247,63.4405035,10.3487775,16.44,9.582,200.49,-0.06,-0.01,-0.1
4009,8539567,63.4405034,10.3487776,16.46,9.602,200.52,-0.04,-0.03,-0.1
4094,8539907,63.4405033,10.3487774,16.45,9.592,199.86,-0.03,-0.05,-0.01
4181,8540227,63.4405032,10.3487772,16.42,9.565,199.69,-0.02,-0.03,0.0
4258,8540567,63.4405031,10.348777,16.45,9.597,199.5,-0.03,0.0,-0.03
4343,8540907,63.440503,10.348777,16.49,9.634,199.56,-0.02,0.0,-0.05
4427,8541227,63.4405029,10.348777,16.48,9.62,199.18,-0.05,0.01,-0.02
4507,8541567,63.4405027,10.3487771,16.46,9.601,198.92,-0.11,0.0,-0.01
4592,8541907,63.4405023,10.3487772,16.49,9.632,198.17,-0.17,-0.01,-0.02
4678,8542227,63.4405019,10.3487774,16.49,9.631,198.1,-0.13,-0.02,-0.05
4758,8542567,63.4405016,10.3487777,16.47,9.611,198.21,-0.08,0.0,-0.01
4843,8542907,63.4405013,10.3487777,16.55,9.694,197.53,-0.08,-0.03,-0.1
4927,8543227,63.4405009,10.3487777,16.52,9.666,193.86,-0.15,0.0,-0.06
5007,8543567,63.4405003,10.348778,16.42,9.562,187.93,-0.18,0.04,0.01
5092,8543907,63.4404998,10.3487785,16.44,9.589,181.68,-0.17,0.1,0.0
5178,8544227,63.4404994,10.3487793,16.44,9.589,175.58,-0.18,0.16,0.01
5256,8544567,63.4404989,10.3487804,16.4,9.547,169.18,-0.18,0.17,0.0
5341,8544907,63.4404984,10.3487818,16.41,9.559,162.35,-0.2,0.2,-0.03
5418,8545227,63.440498,10.348783,16.47,9.617,156.53,-0.19,0.13,-0.09
5505,8545567,63.4404976,10.348784,16.47,9.618,150.78,-0.11,0.11,-0.06
5590,8545907,63.4404974,10.3487846,16.5,9.641,145.53,-0.04,0.03,-0.03
5677,8546227,63.4404974,10.3487849,16.54,9.681,141.42,0.01,0.05,0.0
5754,8546567,63.4404973,10.3487852,16.58,9.72,139.02,0.0,0.03,0.02
5838,8546887,63.4404973,10.3487854,16.61,9.75,138.42,-0.01,0.06,0.0
5922,8547227,63.4404971,10.3487859,16.63,9.774,139.06,-0.13,0.13,-0.05
6003,8547567,63.4404966,10.3487871,16.63,9.776,140.13,-0.28,0.25,-0.02
6087,8547887,63.4404957,10.3487892,16.68,9.82,140.41,-0.39,0.33,-0.1
6174,8548227,63.4404946,10.3487919,16.72,9.862,140.45,-0.46,0.35,-0.12
6252,8548567,63.4404935,10.3487951,16.71,9.854,140.4,-0.48,0.37,-0.04
6337,8548887,63.4404924,10.3487984,16.74,9.884,140.3,-0.44,0.38,-0.07
6419,8549227,63.4404913,10.3488022,16.77,9.915,141.3,-0.43,0.42,-0.01
6502,8549567,63.4404902,10.3488061,16.7,9.841,142.96,-0.43,0.46,0.03
6586,8549887,63.4404892,10.34881,16.77,9.917,145.16,-0.42,0.48,-0.05
6667,8550227,63.440488,10.3488143,16.76,9.904,147.81,-0.48,0.51,0.02
6751,8550567,63.4404867,10.3488186,16.73,9.87,150.31,-0.48,0.47,-0.11
6788,8550707,63.4404861,10.3488202,16.72,9.863,151.46,-0.47,0.47,-0.13
6801,8550747,63.440486,10.3488207,16.71,9.858,151.79,-0.47,0.48,-0.12
6815,8550787,63.4404858,10.3488212,16.71,9.853,152.14,-0.48,0.48,-0.11
6829,8550807,63.4404857,10.3488214,16.71,9.85,152.31,-0.47,0.48,-0.1
6844,8550847,63.4404855,10.3488219,16.7,9.845,152.64,-0.48,0.47,-0.09
6847,8550887,63.4404854,10.3488224,16.69,9.838,152.96,-0.48,0.47,-0.08
6862,8550907,63.4404853,10.3488226,16.69,9.835,153.12,-0.48,0.46,-0.07
6865,8550947,63.4404851,10.3488231,16.68,9.829,153.44,-0.48,0.45,-0.06
6878,8550987,63.440485,10.3488236,16.68,9.826,153.74,-0.48,0.44,-0.06
6882,8551007,63.4404849,10.3488238,16.68,9.824,153.89,-0.48,0.44,-0.06
6895,8551047,63.4404847,10.3488242,16.68,9.823,154.17,-0.48,0.42,-0.05
6909,8551087,63.4404845,10.3488247,16.68,9.824,154.45,-0.48,0.41,-0.05
6913,8551107,63.4404844,10.3488249,16.68,9.824,154.58,-0.48,0.41,-0.05
6927,8551147,63.4404843,10.3488253,16.68,9.827,154.84,-0.49,0.4,-0.06
6940,8551187,63.4404841,10.3488257,16.69,9.83,155.09,-0.49,0.39,-0.06
6944,8551207,63.440484,10.3488259,16.69,9.832,155.22,-0.5,0.38,-0.07
6959,8551247,63.4404838,10.3488263,16.69,9.835,155.47,-0.5,0.38,-0.07
6972,8551287,63.4404836,10.3488267,16.69,9.836,155.72,-0.51,0.38,-0.07
6976,8551307,63.4404835,10.3488269,16.69,9.837,155.84,-0.51,0.38,-0.07
6989,8551347,63.4404833,10.3488273,16.69,9.836,156.07,-0.51,0.38,-0.07
6996,8551367,63.4404832,10.3488275,16.69,9.834,156.19,-0.52,0.38,-0.07
7009,8551407,63.440483,10.3488279,16.69,9.831,156.41,-0.52,0.37,-0.07
7022,8551447,63.4404828,10.3488283,16.68,9.825,156.61,-0.52,0.37,-0.07
7027,8551467,63.4404828,10.3488285,16.68,9.82,156.7,-0.51,0.37,-0.07
7040,8551507,63.4404826,10.3488289,16.67,9.813,156.87,-0.51,0.37,-0.07
7054,8551547,63.4404824,10.3488293,16.66,9.805,157.03,-0.51,0.37,-0.06
7059,8551567,63.4404823,10.3488295,16.66,9.8,157.11,-0.51,0.37,-0.06
7073,8551607,63.4404821,10.3488298,16.65,9.792,157.26,-0.51,0.37,-0.05
7086,8551647,63.4404819,10.3488302,16.64,9.787,157.41,-0.51,0.37,-0.04
7091,8551667,63.4404818,10.3488304,16.64,9.785,157.48,-0.51,0.37,-0.04
7104,8551707,63.4404816,10.3488308,16.64,9.782,157.62,-0.51,0.37,-0.03
7117,8551747,63.4404813,10.3488312,16.64,9.781,157.76,-0.51,0.37,-0.02
7122,8551767,63.4404812,10.3488313,16.64,9.782,157.83,-0.51,0.37,-0.02
7135,8551807,63.440481,10.3488317,16.64,9.784,157.96,-0.52,0.38,-0.02
7148,8551847,63.4404808,10.3488321,16.64,9.789,158.09,-0.52,0.38,-0.03
7153,8551867,63.4404807,10.3488322,16.65,9.792,158.15,-0.52,0.38,-0.03
7167,8551907,63.4404805,10.3488326,16.65,9.799,158.26,-0.52,0.38,-0.04
7180,8551947,63.4404803,10.348833,16.66,9.805,158.38,-0.52,0.38,-0.05
7185,8551967,63.4404802,10.3488332,16.66,9.809,158.43,-0.52,0.39,-0.05
7198,8552007,63.44048,10.3488336,16.67,9.815,158.53,-0.53,0.39,-0.05
7202,8552027,63.4404799,10.3488338,16.67,9.818,158.58,-0.53,0.39,-0.05
7216,8552067,63.4404797,10.3488341,16.68,9.821,158.67,-0.53,0.4,-0.05
7229,8552107,63.4404795,10.3488345,16.68,9.823,158.75,-0.53,0.41,-0.03
7242,8552127,63.4404794,10.3488347,16.68,9.824,158.79,-0.53,0.41,-0.03
7247,8552167,63.4404791,10.3488351,16.68,9.821,158.88,-0.53,0.42,-0.01
7260,8552207,63.4404789,10.3488355,16.67,9.818,158.99,-0.53,0.42,0.01
7274,8552227,63.4404788,10.3488357,16.67,9.817,159.06,-0.53,0.42,0.02
7279,8552267,63.4404786,10.3488361,16.67,9.811,159.21,-0.53,0.42,0.05
7292,8552307,63.4404784,10.3488365,16.66,9.805,159.4,-0.53,0.42,0.08
7299,8552327,63.4404783,10.3488367,16.66,9.802,159.51,-0.53,0.43,0.09
7310,8552367,63.4404781,10.3488371,16.65,9.797,159.72,-0.54,0.43,0.11
7325,8552407,63.4404779,10.3488374,16.65,9.791,159.93,-0.54,0.43,0.12
7329,8552427,63.4404777,10.3488376,16.64,9.788,160.04,-0.54,0.44,0.12
7343,8552467,63.4404775,10.348838,16.64,9.787,160.23,-0.54,0.45,0.12
7356,8552507,63.4404773,10.3488384,16.64,9.786,160.4,-0.54,0.45,0.11
7362,8552527,63.4404772,10.3488386,16.64,9.786,160.49,-0.53,0.46,0.11
7377,8552567,63.440477,10.3488391,16.65,9.79,160.65,-0.53,0.46,0.09
7389,8552607,63.4404768,10.3488395,16.65,9.794,160.82,-0.52,0.47,0.06
7402,8552627,63.4404767,10.3488397,16.65,9.796,160.91,-0.52,0.47,0.05
7407,8552667,63.4404765,10.3488401,16.66,9.803,161.11,-0.51,0.47,0.02
7419,8552687,63.4404764,10.3488403,16.66,9.807,161.22,-0.51,0.47,0.01
7424,8552727,63.4404762,10.3488407,16.67,9.815,161.48,-0.5,0.47,0.0
7438,8552767,63.4404759,10.3488411,16.68,9.821,161.76,-0.49,0.46,-0.03
7450,8552787,63.4404759,10.3488413,16.68,9.825,161.93,-0.49,0.46,-0.04
7455,8552827,63.4404757,10.3488417,16.69,9.832,162.27,-0.48,0.46,-0.05
7469,8552867,63.4404755,10.348842,16.69,9.834,162.61,-0.48,0.46,-0.06
7483,8552887,63.4404754,10.3488422,16.69,9.835,162.79,-0.48,0.46,-0.06
7487,8552927,63.4404752,10.3488426,16.69,9.837,163.14,-0.47,0.46,-0.06
7501,8552967,63.440475,10.348843,16.69,9.833,163.48,-0.47,0.46,-0.06
7513,8552987,63.4404749,10.3488432,16.69,9.832,163.64,-0.47,0.46,-0.05
7518,8553027,63.4404747,10.3488436,16.68,9.829,163.95,-0.47,0.46,-0.04
7532,8553067,63.4404745,10.3488439,16.68,9.821,164.26,-0.48,0.46,-0.02
7544,8553087,63.4404744,10.3488441,16.67,9.817,164.41,-0.48,0.46,-0.01
7551,8553127,63.4404742,10.3488445,16.66,9.809,164.71,-0.48,0.47,0.0
7563,8553167,63.440474,10.3488449,16.66,9.801,165.01,-0.49,0.47,0.02
7575,8553187,63.4404739,10.3488451,16.65,9.796,165.17,-0.49,0.47,0.03
7590,8553227,63.4404737,10.3488455,16.64,9.788,165.5,-0.49,0.48,0.05
7595,8553267,63.4404735,10.3488459,16.64,9.781,165.84,-0.5,0.47,0.07
7607,8553287,63.4404734,10.348846,16.63,9.777,166.01,-0.5,0.47,0.07
7612,8553327,63.4404732,10.3488464,16.63,9.77,166.35,-0.51,0.47,0.08
7624,8553347,63.4404731,10.3488466,16.62,9.769,166.52,-0.51,0.47,0.09
7640,8553387,63.4404729,10.348847,16.62,9.764,166.83,-0.52,0.48,0.09
7645,8553427,63.4404726,10.3488474,16.62,9.761,167.1,-0.53,0.48,0.09
7657,8553447,63.4404725,10.3488475,16.62,9.761,167.23,-0.53,0.48,0.08
7671,8553487,63.4404723,10.3488479,16.62,9.761,167.46,-0.53,0.48,0.07
7685,8553527,63.4404721,10.3488483,16.62,9.762,167.67,-0.54,0.47,0.06
7689,8553547,63.440472,10.3488485,16.62,9.764,167.76,-0.54,0.47,0.05
7703,8553587,63.4404718,10.3488489,16.62,9.768,167.95,-0.54,0.47,0.03
7709,8553627,63.4404716,10.3488492,16.63,9.772,168.15,-0.54,0.46,0.0
7721,8553647,63.4404715,10.3488494,16.63,9.774,168.26,-0.54,0.46,0.0
7735,8553687,63.4404712,10.3488498,16.64,9.78,168.47,-0.55,0.45,-0.03
7740,8553727,63.440471,10.3488501,16.64,9.786,168.68,-0.55,0.44,-0.05
7752,8553747,63.4404709,10.3488503,16.64,9.788,168.79,-0.55,0.44,-0.06
7766,8553787,63.4404707,10.3488507,16.65,9.792,168.99,-0.55,0.43,-0.09
7775,8553827,63.4404704,10.348851,16.65,9.798,169.19,-0.56,0.43,-0.1
7783,8553847,63.4404703,10.3488512,16.65,9.798,169.29,-0.56,0.43,-0.11
7797,8553887,63.4404701,10.3488515,16.65,9.798,169.47,-0.56,0.42,-0.12
7807,8553927,63.4404699,10.3488518,16.66,9.8,169.63,-0.57,0.42,-0.13
7815,8553947,63.4404698,10.348852,16.65,9.797,169.7,-0.57,0.42,-0.13
7829,8553987,63.4404695,10.3488523,16.65,9.794,169.82,-0.58,0.42,-0.13
7833,8554007,63.4404694,10.3488525,16.65,9.793,169.87,-0.58,0.42,-0.13
7846,8554047,63.4404692,10.3488528,16.65,9.79,169.96,-0.59,0.41,-0.13
7860,8554087,63.4404689,10.3488531,16.64,9.785,170.04,-0.59,0.41,-0.12
7864,8554107,63.4404688,10.3488533,16.64,9.782,170.08,-0.59,0.4,-0.12
7877,8554147,63.4404686,10.3488536,16.63,9.778,170.15,-0.59,0.4,-0.12
7891,8554187,63.4404683,10.3488539,16.63,9.775,170.22,-0.59,0.38,-0.12
7895,8554207,63.4404682,10.348854,16.63,9.774,170.26,-0.59,0.38,-0.12
7909,8554247,63.440468,10.3488543,16.63,9.774,170.36,-0.59,0.37,-0.12
7923,8554287,63.4404677,10.3488546,16.63,9.776,170.44,-0.59,0.35,-0.13
7927,8554307,63.4404676,10.3488547,16.63,9.776,170.48,-0.59,0.35,-0.13
7940,8554347,63.4404674,10.348855,16.64,9.78,170.54,-0.59,0.34,-0.13
7956,8554387,63.4404671,10.3488553,16.64,9.785,170.56,-0.6,0.33,-0.14
7960,8554407,63.440467,10.3488554,16.64,9.788,170.56,-0.6,0.33,-0.14
7973,8554447,63.4404668,10.3488556,16.65,9.794,170.51,-0.6,0.33,-0.14
7987,8554487,63.4404665,10.3488559,16.65,9.799,170.43,-0.6,0.33,-0.13
7991,8554507,63.4404664,10.348856,16.66,9.802,170.37,-0.6,0.33,-0.13
8004,8554547,63.4404661,10.3488563,16.66,9.807,170.25,-0.6,0.33,-0.12
8019,8554587,63.4404659,10.3488565,16.67,9.811,170.12,-0.6,0.33,-0.11
8024,8554607,63.4404657,10.3488566,16.67,9.813,170.06,-0.6,0.33,-0.11
8037,8554647,63.4404655,10.3488569,16.67,9.815,169.95,-0.59,0.33,-0.1
8042,8554667,63.4404654,10.348857,16.67,9.817,169.91,-0.58,0.33,-0.1
8055,8554707,63.4404651,10.3488573,16.67,9.818,169.83,-0.58,0.33,-0.09
8068,8554747,63.4404649,10.3488575,16.67,9.819,169.78,-0.57,0.33,-0.08
8073,8554767,63.4404647,10.3488576,16.68,9.82,169.76,-0.57,0.33,-0.07
8086,8554807,63.4404645,10.3488579,16.68,9.821,169.73,-0.57,0.33,-0.06
8099,8554847,63.4404643,10.3488581,16.68,9.822,169.68,-0.58,0.34,-0.04
8104,8554867,63.4404641,10.3488583,16.68,9.823,169.66,-0.58,0.34,-0.03
8118,8554907,63.4404639,10.3488585,16.68,9.823,169.59,-0.58,0.35,-0.01
8132,8554947,63.4404636,10.3488588,16.68,9.824,169.49,-0.59,0.36,0.0
8136,8554967,63.4404635,10.3488589,16.68,9.825,169.43,-0.59,0.36,0.01
8149,8555007,63.4404633,10.3488592,16.68,9.825,169.3,-0.59,0.37,0.03
8163,8555047,63.440463,10.3488595,16.68,9.826,169.17,-0.59,0.38,0.04
8167,8555067,63.4404629,10.3488596,16.68,9.826,169.11,-0.58,0.38,0.05
8180,8555107,63.4404626,10.3488599,16.68,9.826,168.99,-0.58,0.38,0.06
8193,8555147,63.4404624,10.3488602,16.68,9.825,168.92,-0.57,0.38,0.06
8198,8555167,63.4404623,10.3488603,16.68,9.825,168.89,-0.57,0.38,0.06
8211,8555207,63.440462,10.3488606,16.68,9.824,168.89,-0.56,0.37,0.06
8225,8555247,63.4404618,10.3488609,16.68,9.823,168.94,-0.55,0.37,0.05
8230,8555267,63.4404617,10.348861,16.68,9.822,168.98,-0.54,0.37,0.05
8243,8555307,63.4404614,10.3488613,16.68,9.821,169.09,-0.54,0.36,0.04
8247,8555327,63.4404613,10.3488614,16.68,9.821,169.16,-0.53,0.36,0.04
8261,8555367,63.4404611,10.3488616,16.67,9.817,169.32,-0.53,0.36,0.03
8276,8555407,63.4404609,10.3488619,16.67,9.814,169.5,-0.52,0.36,0.02
8280,8555427,63.4404608,10.348862,16.67,9.813,169.6,-0.52,0.36,0.02
8294,8555467,63.4404605,10.3488623,16.66,9.808,169.82,-0.51,0.36,0.02
8307,8555507,63.4404603,10.3488625,16.66,9.803,170.06,-0.51,0.37,0.01
8311,8555527,63.4404602,10.3488626,16.66,9.801,170.19,-0.51,0.36,0.01
8326,8555567,63.44046,10.3488629,16.65,9.795,170.46,-0.51,0.37,0.02
8340,8555607,63.4404598,10.3488631,16.65,9.79,170.77,-0.51,0.37,0.03
8344,8555627,63.4404597,10.3488633,16.64,9.787,170.94,-0.5,0.37,0.03
8358,8555667,63.4404595,10.3488635,16.64,9.782,171.33,-0.5,0.37,0.04
8371,8555707,63.4404593,10.3488637,16.63,9.777,171.76,-0.5,0.36,0.06
8375,8555727,63.4404591,10.3488639,16.63,9.774,171.99,-0.5,0.36,0.06
8389,8555767,63.4404589,10.3488641,16.63,9.772,172.47,-0.5,0.36,0.07
8402,8555807,63.4404587,10.3488643,16.62,9.769,172.96,-0.51,0.36,0.07
8406,8555827,63.4404586,10.3488645,16.62,9.767,173.2,-0.51,0.36,0.08
8420,8555867,63.4404584,10.3488647,16.62,9.768,173.71,-0.51,0.35,0.08
8434,8555907,63.4404582,10.3488649,16.62,9.769,174.23,-0.51,0.34,0.08
8438,8555927,63.4404581,10.348865,16.62,9.769,174.51,-0.5,0.34,0.08
8452,8555967,63.4404579,10.3488652,16.63,9.773,175.07,-0.48,0.33,0.07
8464,8555987,63.4404578,10.3488653,16.63,9.775,175.36,-0.47,0.33,0.07
8472,8556027,63.4404576,10.3488656,16.63,9.779,175.98,-0.44,0.31,0.06
8483,8556067,63.4404574,10.3488658,16.64,9.785,176.68,-0.41,0.3,0.04
8495,8556087,63.4404574,10.3488658,16.64,9.788,177.05,-0.39,0.29,0.04
8502,8556127,63.4404572,10.348866,16.65,9.794,177.85,-0.36,0.27,0.02
8514,8556167,63.440457,10.3488661,16.65,9.799,178.74,-0.33,0.26,0.01
8526,8556187,63.440457,10.3488662,16.66,9.802,179.21,-0.31,0.24,0.0
8541,8556227,63.4404569,10.3488664,16.66,9.806,180.26,-0.3,0.23,0.0
8546,8556267,63.4404567,10.3488665,16.66,9.806,181.35,-0.26,0.22,-0.01
8558,8556287,63.4404567,10.3488666,16.66,9.806,181.92,-0.26,0.22,-0.01
8563,8556327,63.4404566,10.3488667,16.66,9.806,183.07,-0.25,0.21,-0.01
8577,8556367,63.4404564,10.3488668,16.65,9.799,184.21,-0.27,0.19,-0.02
8591,8556387,63.4404564,10.3488668,16.65,9.796,184.76,-0.27,0.19,-0.01
8596,8556427,63.4404563,10.3488669,16.65,9.79,185.84,-0.28,0.19,-0.02
8610,8556467,63.4404561,10.3488671,16.63,9.778,186.9,-0.27,0.2,-0.01
8622,8556487,63.4404561,10.3488671,16.63,9.772,187.42,-0.27,0.2,-0.02
8629,8556527,63.4404559,10.3488672,16.62,9.762,188.49,-0.26,0.2,-0.01
8642,8556567,63.4404558,10.3488672,16.6,9.748,189.56,-0.22,0.19,-0.01
8656,8556587,63.4404558,10.3488673,16.6,9.741,190.12,-0.21,0.19,0.0
8671,8556627,63.4404557,10.3488674,16.58,9.729,191.27,-0.18,0.19,0.0
8674,8556647,63.4404556,10.3488674,16.58,9.722,191.86,-0.17,0.19,0.0
8688,8556687,63.4404555,10.3488675,16.57,9.71,193.05,-0.15,0.19,0.0
8700,8556727,63.4404554,10.3488676,16.55,9.699,194.25,-0.14,0.19,-0.01
8703,8556747,63.4404554,10.3488676,16.55,9.692,194.84,-0.13,0.19,-0.01
8717,8556787,63.4404553,10.3488677,16.54,9.68,196.04,-0.13,0.18,-0.02
8724,8556827,63.4404553,10.3488677,16.53,9.67,197.2,-0.12,0.17,-0.02
8735,8556847,63.4404552,10.3488678,16.52,9.662,197.77,-0.11,0.18,-0.02
8749,8556887,63.4404552,10.3488678,16.5,9.648,198.89,-0.1,0.17,-0.02
8756,8556927,63.4404551,10.3488678,16.49,9.637,199.98,-0.1,0.16,-0.03
8766,8556947,63.440455,10.3488678,16.48,9.628,200.52,-0.1,0.15,-0.03
8780,8556987,63.440455,10.3488679,16.47,9.613,201.55,-0.09,0.14,-0.02
8787,8557027,63.4404549,10.3488679,16.45,9.599,202.54,-0.09,0.14,-0.02
8798,8557047,63.4404549,10.3488679,16.44,9.589,203.02,-0.09,0.14,-0.01
8811,8557087,63.4404548,10.3488679,16.43,9.572,203.97,-0.1,0.13,-0.01
8820,8557127,63.4404547,10.3488678,16.41,9.557,204.84,-0.1,0.12,0.0
8830,8557147,63.4404547,10.3488678,16.4,9.547,205.26,-0.1,0.12,0.0
8844,8557187,63.4404546,10.3488678,16.39,9.53,206.07,-0.1,0.11,0.0
8853,8557227,63.4404546,10.3488678,16.37,9.515,206.85,-0.1,0.1,0.0
8862,8557247,63.4404545,10.3488678,16.36,9.507,207.24,-0.1,0.1,0.0
8876,8557287,63.4404545,10.3488677,16.35,9.493,208.01,-0.1,0.09,0.0
8880,8557307,63.4404544,10.3488677,16.34,9.487,208.4,-0.1,0.09,0.0
8894,8557347,63.4404544,10.3488676,16.33,9.476,209.17,-0.09,0.08,0.0
8910,8557387,63.4404543,10.3488675,16.32,9.467,209.97,-0.09,0.07,-0.01
8924,8557407,63.4404543,10.3488675,16.32,9.464,210.36,-0.09,0.07,-0.02
8927,8557447,63.4404542,10.3488674,16.31,9.458,211.13,-0.09,0.06,-0.04
8940,8557487,63.4404542,10.3488674,16.31,9.454,211.89,-0.09,0.06,-0.05
8944,8557507,63.4404541,10.3488673,16.31,9.453,212.27,-0.09,0.05,-0.06
8958,8557547,63.4404541,10.3488672,16.31,9.452,213.01,-0.1,0.04,-0.08
8972,8557587,63.440454,10.3488671,16.31,9.453,213.74,-0.1,0.03,-0.09
8977,8557607,63.440454,10.3488671,16.31,9.453,214.09,-0.1,0.03,-0.09
8991,8557647,63.4404539,10.348867,16.31,9.456,214.82,-0.1,0.02,-0.1
9004,8557687,63.4404539,10.3488668,16.31,9.459,215.52,-0.1,0.01,-0.1
9008,8557707,63.4404538,10.3488668,16.32,9.461,215.87,-0.1,0.0,-0.09
9022,8557747,63.4404538,10.3488666,16.32,9.464,216.57,-0.1,0.0,-0.09
9035,8557787,63.4404537,10.3488665,16.32,9.468,217.28,-0.1,-0.01,-0.08
9039,8557807,63.4404537,10.3488664,16.33,9.47,217.64,-0.1,-0.01,-0.07
9052,8557847,63.4404536,10.3488664,16.33,9.475,218.37,-0.1,-0.02,-0.06
9066,8557887,63.4404536,10.3488662,16.34,9.48,219.12,-0.09,-0.03,-0.05
9071,8557907,63.4404535,10.3488661,16.34,9.481,219.51,-0.09,-0.03,-0.04
9084,8557947,63.4404535,10.348866,16.34,9.486,220.31,-0.09,-0.04,-0.03
9089,8557967,63.4404534,10.3488659,16.34,9.488,220.71,-0.09,-0.04,-0.02
9102,8558007,63.4404534,10.3488657,16.35,9.493,221.52,-0.09,-0.04,-0.01
9116,8558047,63.4404533,10.3488656,16.35,9.497,222.35,-0.08,-0.04,0.0
9120,8558067,63.4404533,10.3488655,16.35,9.499,222.77,-0.09,-0.04,0.0
9133,8558107,63.4404532,10.3488653,16.36,9.503,223.6,-0.09,-0.04,0.01
9147,8558147,63.4404532,10.3488651,16.36,9.506,224.43,-0.09,-0.04,0.02
9151,8558167,63.4404531,10.3488651,16.36,9.507,224.85,-0.09,-0.04,0.02
9164,8558207,63.4404531,10.3488649,16.36,9.509,225.67,-0.09,-0.04,0.03
9179,8558247,63.440453,10.3488648,16.37,9.51,226.5,-0.1,-0.03,0.04
9183,8558267,63.440453,10.3488647,16.37,9.51,226.91,-0.1,-0.03,0.04
9196,8558307,63.4404529,10.3488645,16.36,9.509,227.7,-0.1,-0.03,0.04
9209,8558347,63.4404529,10.3488643,16.36,9.508,228.48,-0.1,-0.03,0.05
9214,8558367,63.4404529,10.3488643,16.36,9.507,228.86,-0.1,-0.02,0.05
9229,8558407,63.4404528,10.3488641,16.36,9.504,229.62,-0.1,-0.02,0.05
9243,8558447,63.4404527,10.348864,16.36,9.5,230.35,-0.1,-0.01,0.06
9247,8558467,63.4404527,10.3488639,16.35,9.498,230.72,-0.1,-0.01,0.06
9260,8558507,63.4404526,10.3488637,16.35,9.494,231.45,-0.1,-0.01,0.07
9274,8558547,63.4404526,10.3488635,16.35,9.49,232.17,-0.1,0.0,0.07
9279,8558567,63.4404526,10.3488634,16.34,9.488,232.52,-0.1,0.0,0.08
9293,8558607,63.4404525,10.3488634,16.34,9.484,233.24,-0.09,0.0,0.08
9297,8558627,63.4404525,10.3488634,16.34,9.481,233.6,-0.09,0.0,0.08
9311,8558667,63.4404525,10.3488633,16.33,9.479,234.34,-0.08,0.01,0.09
9324,8558707,63.4404524,10.3488631,16.33,9.476,235.09,-0.07,0.01,0.1
9328,8558727,63.4404524,10.348863,16.33,9.475,235.47,-0.07,0.01,0.1
9342,8558767,63.4404523,10.3488629,16.33,9.474,236.25,-0.06,0.02,0.1
9355,8558807,63.4404523,10.3488628,16.33,9.473,237.06,-0.05,0.03,0.1
9359,8558827,63.4404523,10.3488628,16.33,9.473,237.47,-0.05,0.03,0.1
9373,8558867,63.4404523,10.3488627,16.33,9.475,238.28,-0.04,0.03,0.1
9387,8558907,63.4404522,10.3488626,16.33,9.477,239.1,-0.04,0.04,0.09
9391,8558927,63.4404522,10.3488625,16.33,9.478,239.51,-0.04,0.04,0.09
9405,8558967,63.4404522,10.3488624,16.34,9.484,240.33,-0.04,0.04,0.08
9418,8559007,63.4404522,10.3488623,16.34,9.489,241.15,-0.04,0.04,0.07
9422,8559027,63.4404522,10.3488623,16.35,9.491,241.55,-0.04,0.04,0.07
9436,8559067,63.4404521,10.3488622,16.35,9.499,242.36,-0.04,0.04,0.06
9449,8559107,63.4404521,10.3488621,16.36,9.506,243.18,-0.04,0.04,0.06
9453,8559127,63.4404521,10.3488621,16.36,9.509,243.58,-0.04,0.04,0.06
9467,8559167,63.4404521,10.348862,16.37,9.518,244.37,-0.04,0.04,0.05
9480,8559207,63.4404521,10.3488619,16.38,9.526,245.15,-0.04,0.04,0.05
9494,8559227,63.440452,10.3488619,16.38,9.529,245.54,-0.04,0.04,0.05
9499,8559267,63.440452,10.3488618,16.39,9.537,246.3,-0.04,0.04,0.04
9511,8559287,63.440452,10.3488617,16.4,9.54,246.68,-0.05,0.04,0.04
9518,8559327,63.440452,10.3488616,16.4,9.547,247.44,-0.05,0.03,0.04
9530,8559367,63.440452,10.3488615,16.41,9.552,248.22,-0.05,0.04,0.03
9544,8559387,63.440452,10.3488615,16.41,9.555,248.6,-0.05,0.03,0.02
9558,8559427,63.4404519,10.3488614,16.42,9.56,249.36,-0.05,0.03,0.02
9563,8559467,63.4404519,10.3488614,16.42,9.562,250.14,-0.05,0.03,0.01
9575,8559487,63.4404519,10.3488612,16.42,9.564,250.52,-0.05,0.04,0.0
9587,8559527,63.4404519,10.3488611,16.42,9.566,251.31,-0.04,0.03,0.0
9595,8559567,63.4404519,10.348861,16.42,9.565,252.1,-0.04,0.03,-0.01
9607,8559587,63.4404519,10.348861,16.42,9.564,252.5,-0.04,0.03,-0.01
9613,8559627,63.4404519,10.3488609,16.42,9.564,253.29,-0.04,0.03,-0.02
9627,8559667,63.4404519,10.3488609,16.41,9.558,254.11,-0.04,0.02,-0.02
9639,8559687,63.4404519,10.3488609,16.41,9.555,254.51,-0.04,0.02,-0.03
9644,8559727,63.4404519,10.3488608,16.41,9.551,255.3,-0.03,0.02,-0.03
9658,8559767,63.4404519,10.3488607,16.4,9.542,256.09,-0.03,0.01,-0.03
9670,8559787,63.4404519,10.3488607,16.39,9.537,256.48,-0.03,0.01,-0.03
9684,8559827,63.4404519,10.3488606,16.39,9.53,257.25,-0.03,0.0,-0.03
9689,8559867,63.4404519,10.3488606,16.38,9.52,258.01,-0.03,0.0,-0.03
9703,8559887,63.4404519,10.3488605,16.37,9.515,258.39,-0.03,0.0,-0.02
9716,8559927,63.4404519,10.3488604,16.36,9.507,259.16,-0.03,-0.01,-0.02
9720,8559947,63.4404519,10.3488603,16.36,9.502,259.53,-0.03,-0.01,-0.02
9733,8559987,63.4404518,10.3488602,16.35,9.494,260.29,-0.03,-0.01,-0.02
9744,8560027,63.4404518,10.3488601,16.34,9.487,261.05,-0.03,-0.02,-0.02
9751,8560047,63.4404518,10.3488601,16.34,9.485,261.43,-0.03,-0.02,-0.02
9764,8560087,63.4404518,10.3488599,16.34,9.48,262.21,-0.04,-0.03,-0.03
9771,8560127,63.4404518,10.3488598,16.33,9.476,262.99,-0.04,-0.03,-0.03
9782,8560147,63.4404518,10.3488597,16.33,9.476,263.38,-0.04,-0.03,-0.03
9795,8560187,63.4404518,10.3488596,16.33,9.477,264.18,-0.04,-0.04,-0.04
9804,8560227,63.4404518,10.3488595,16.33,9.478,265.0,-0.05,-0.04,-0.06
9813,8560247,63.4404518,10.3488595,16.34,9.481,265.4,-0.05,-0.05,-0.06
9827,8560287,63.4404518,10.3488593,16.34,9.488,266.22,-0.05,-0.05,-0.07
9841,8560327,63.4404518,10.3488592,16.35,9.494,267.04,-0.06,-0.06,-0.08
9844,8560347,63.4404518,10.3488591,16.36,9.5,267.45,-0.06,-0.06,-0.08
9860,8560387,63.4404518,10.348859,16.37,9.51,268.28,-0.07,-0.06,-0.09
9868,8560427,63.4404518,10.3488589,16.38,9.52,269.12,-0.07,-0.07,-0.09
9877,8560447,63.4404518,10.3488588,16.38,9.527,269.53,-0.07,-0.07,-0.09
9891,8560487,63.4404517,10.3488587,16.39,9.539,270.37,-0.08,-0.08,-0.09
9899,8560527,63.4404517,10.3488585,16.41,9.55,271.21,-0.08,-0.08,-0.08
9910,8560547,63.4404517,10.3488584,16.41,9.555,271.62,-0.08,-0.09,-0.08
9923,8560587,63.4404517,10.3488583,16.42,9.566,272.43,-0.08,-0.09,-0.06
9928,8560607,63.4404517,10.3488582,16.43,9.57,272.83,-0.08,-0.09,-0.06
9942,8560647,63.4404517,10.3488581,16.43,9.578,273.63,-0.08,-0.1,-0.04
9955,8560687,63.4404517,10.348858,16.44,9.584,274.4,-0.08,-0.1,-0.02
9959,8560707,63.4404516,10.3488579,16.44,9.586,274.78,-0.08,-0.1,-0.02
9972,8560747,63.4404516,10.3488577,16.44,9.589,275.54,-0.07,-0.1,0.0
9986,8560787,63.4404516,10.3488576,16.45,9.59,276.31,-0.07,-0.1,0.01
9990,8560807,63.4404516,10.3488575,16.45,9.591,276.68,-0.07,-0.1,0.02
10004,8560847,63.4404516,10.3488574,16.45,9.59,277.42,-0.07,-0.1,0.04
10017,8560887,63.4404516,10.3488573,16.44,9.588,278.17,-0.06,-0.1,0.05
10022,8560907,63.4404516,10.3488572,16.44,9.586,278.54,-0.06,-0.1,0.06
10036,8560947,63.4404516,10.3488571,16.44,9.583,279.28,-0.06,-0.09,0.07
10049,8560987,63.4404516,10.3488569,16.44,9.58,280.02,-0.05,-0.09,0.08
10053,8561007,63.4404516,10.3488569,16.43,9.578,280.38,-0.05,-0.08,0.08
10067,8561047,63.4404515,10.3488568,16.43,9.576,281.11,-0.05,-0.08,0.09
10080,8561087,63.4404515,10.3488566,16.43,9.575,281.85,-0.05,-0.08,0.09
10084,8561107,63.4404515,10.3488566,16.43,9.574,282.21,-0.05,-0.07,0.09
10098,8561147,63.4404515,10.3488565,16.43,9.575,282.92,-0.05,-0.07,0.09
10111,8561187,63.4404515,10.3488564,16.43,9.577,283.62,-0.05,-0.07,0.09
10115,8561207,63.4404515,10.3488563,16.43,9.578,283.97,-0.05,-0.06,0.08
10130,8561247,63.4404515,10.3488562,16.44,9.582,284.68,-0.04,-0.05,0.08
10134,8561267,63.4404515,10.3488562,16.44,9.584,285.03,-0.05,-0.05,0.07
10147,8561307,63.4404515,10.3488561,16.45,9.59,285.73,-0.04,-0.04,0.06
10161,8561347,63.4404515,10.348856,16.45,9.597,286.43,-0.04,-0.03,0.05
10165,8561367,63.4404515,10.348856,16.46,9.601,286.81,-0.04,-0.03,0.05
10180,8561407,63.4404515,10.3488559,16.46,9.609,287.52,-0.04,-0.02,0.04
10194,8561447,63.4404515,10.3488559,16.47,9.617,288.23,-0.04,-0.01,0.03
10198,8561467,63.4404515,10.3488559,16.48,9.622,288.59,-0.04,0.0,0.03
10211,8561507,63.4404515,10.3488558,16.49,9.63,289.3,-0.03,0.0,0.02
10225,8561547,63.4404515,10.3488558,16.49,9.639,290.03,-0.03,0.01,0.01
10230,8561567,63.4404515,10.3488558,16.5,9.643,290.41,-0.03,0.02,0.01
10244,8561607,63.4404515,10.3488558,16.51,9.652,291.15,-0.03,0.02,0.0
10258,8561647,63.4404515,10.3488558,16.52,9.66,291.94,-0.03,0.03,0.0
10262,8561667,63.4404515,10.3488558,16.52,9.664,292.33,-0.03,0.04,0.0
10275,8561707,63.4404516,10.3488558,16.53,9.672,293.13,-0.03,0.05,0.0
10289,8561747,63.4404516,10.3488558,16.53,9.679,293.95,-0.03,0.05,-0.01
10293,8561767,63.4404516,10.3488558,16.54,9.682,294.37,-0.03,0.05,-0.01
10306,8561807,63.4404516,10.3488558,16.54,9.688,295.2,-0.03,0.06,-0.02
10320,8561847,63.4404516,10.3488558,16.55,9.694,296.05,-0.04,0.06,-0.03
10324,8561867,63.4404516,10.3488558,16.55,9.696,296.48,-0.04,0.06,-0.03
10338,8561907,63.4404516,10.3488558,16.56,9.7,297.32,-0.04,0.05,-0.04
10343,8561927,63.4404516,10.3488558,16.56,9.702,297.74,-0.04,0.05,-0.04
10356,8561967,63.4404516,10.3488558,16.56,9.703,298.59,-0.05,0.05,-0.05
10369,8562007,63.4404516,10.3488559,16.56,9.704,299.39,-0.05,0.04,-0.05
10374,8562027,63.4404516,10.3488559,16.56,9.705,299.78,-0.05,0.04,-0.05
10387,8562067,63.4404516,10.3488559,16.56,9.702,300.55,-0.05,0.03,-0.05
10400,8562107,63.4404516,10.3488559,16.56,9.7,301.28,-0.05,0.02,-0.04
10404,8562127,63.4404516,10.3488559,16.55,9.698,301.64,-0.05,0.02,-0.04
10418,8562167,63.4404516,10.3488558,16.55,9.693,302.35,-0.05,0.01,-0.04
10431,8562207,63.4404516,10.3488558,16.54,9.688,303.05,-0.05,0.0,-0.03
10442,8562227,63.4404516,10.3488558,16.54,9.686,303.41,-0.04,0.0,-0.03
10450,8562267,63.4404516,10.3488558,16.54,9.68,304.11,-0.04,0.0,-0.02
10463,8562307,63.4404517,10.3488558,16.53,9.675,304.82,-0.04,0.0,-0.02
10467,8562327,63.4404517,10.3488558,16.53,9.673,305.18,-0.04,0.0,-0.02
10481,8562367,63.4404517,10.3488557,16.52,9.669,305.91,-0.04,0.0,-0.01
10496,8562407,63.4404517,10.3488557,16.52,9.666,306.67,-0.03,0.0,-0.01
10503,8562427,63.4404517,10.3488557,16.52,9.665,307.05,-0.03,0.0,-0.01
10514,8562467,63.4404517,10.3488557,16.52,9.667,307.84,-0.03,0.0,-0.01
10527,8562507,63.4404517,10.3488557,16.52,9.668,308.65,-0.03,-0.01,-0.01
10531,8562527,63.4404517,10.3488556,16.52,9.669,309.04,-0.03,-0.01,-0.02
10546,8562567,63.4404517,10.3488556,16.53,9.675,309.84,-0.03,-0.01,-0.03
10558,8562587,63.4404517,10.3488556,16.53,9.678,310.23,-0.03,-0.02,-0.03
10564,8562627,63.4404517,10.3488556,16.54,9.684,311.02,-0.04,-0.03,-0.05
10578,8562667,63.4404517,10.3488556,16.55,9.694,311.79,-0.04,-0.03,-0.06
10590,8562687,63.4404518,10.3488555,16.55,9.698,312.16,-0.04,-0.04,-0.07
10595,8562727,63.4404518,10.3488555,16.56,9.707,312.89,-0.05,-0.04,-0.08
10609,8562767,63.4404518,10.3488555,16.57,9.714,313.61,-0.05,-0.05,-0.09
10621,8562787,63.4404518,10.3488554,16.57,9.718,313.96,-0.05,-0.06,-0.09
10626,8562827,63.4404518,10.3488554,16.58,9.725,314.63,-0.06,-0.07,-0.1
10640,8562867,63.4404518,10.3488553,16.58,9.729,315.28,-0.06,-0.07,-0.1
10654,8562887,63.4404518,10.3488553,16.59,9.73,315.59,-0.07,-0.08,-0.1
10658,8562927,63.4404518,10.3488553,16.59,9.733,316.2,-0.07,-0.08,-0.1
10672,8562967,63.4404517,10.3488552,16.59,9.731,316.79,-0.07,-0.09,-0.09
10684,8562987,63.4404517,10.3488552,16.59,9.731,317.07,-0.07,-0.09,-0.09
10691,8563027,63.4404517,10.3488551,16.59,9.73,317.62,-0.07,-0.09,-0.08
10703,8563067,63.4404517,10.3488551,16.58,9.725,318.16,-0.07,-0.09,-0.07
10715,8563087,63.4404517,10.3488551,16.58,9.722,318.43,-0.07,-0.09,-0.06
10722,8563127,63.4404517,10.348855,16.57,9.718,318.94,-0.07,-0.1,-0.05
10734,8563167,63.4404517,10.348855,16.57,9.711,319.45,-0.06,-0.1,-0.04
10746,8563187,63.4404517,10.3488549,16.56,9.709,319.69,-0.06,-0.1,-0.03
10761,8563227,63.4404517,10.3488549,16.56,9.703,320.18,-0.05,-0.11,-0.02
10773,8563247,63.4404517,10.3488548,16.56,9.701,320.43,-0.05,-0.1,-0.02
10789,8563287,63.4404517,10.3488548,16.55,9.697,320.92,-0.05,-0.1,-0.01
10792,8563327,63.4404517,10.3488547,16.55,9.693,321.43,-0.05,-0.1,0.0
10806,8563347,63.4404517,10.3488547,16.55,9.693,321.7,-0.05,-0.1,0.0
10811,8563387,63.4404516,10.3488546,16.55,9.693,322.25,-0.04,-0.1,0.0
10825,8563427,63.4404516,10.3488546,16.55,9.692,322.78,-0.04,-0.1,0.0
10829,8563447,63.4404516,10.3488545,16.55,9.695,323.06,-0.03,-0.11,0.0
10842,8563487,63.4404516,10.3488545,16.56,9.701,323.61,-0.03,-0.1,0.0
10849,8563527,63.4404516,10.3488544,16.56,9.705,324.18,-0.02,-0.11,0.0
10861,8563547,63.4404516,10.3488544,16.57,9.711,324.46,-0.01,-0.11,0.0
10874,8563587,63.4404516,10.3488543,16.58,9.722,325.04,0.0,-0.12,0.0
10882,8563627,63.4404516,10.3488543,16.59,9.731,325.63,0.0,-0.12,0.0
10893,8563647,63.4404516,10.3488542,16.59,9.739,325.94,0.0,-0.12,0.0
10906,8563687,63.4404516,10.3488541,16.61,9.753,326.57,0.0,-0.12,-0.01
10913,8563727,63.4404516,10.3488541,16.62,9.766,327.18,0.01,-0.13,-0.02
10924,8563747,63.4404516,10.348854,16.63,9.774,327.49,0.02,-0.13,-0.02
10937,8563787,63.4404517,10.3488539,16.64,9.789,328.11,0.02,-0.14,-0.03
10944,8563827,63.4404517,10.3488538,16.66,9.802,328.73,0.03,-0.14,-0.04
10955,8563847,63.4404517,10.3488538,16.66,9.809,329.04,0.03,-0.15,-0.05
10970,8563887,63.4404517,10.3488537,16.68,9.822,329.65,0.04,-0.15,-0.06
10973,8563907,63.4404517,10.3488536,16.68,9.828,329.95,0.05,-0.15,-0.06
10987,8563947,63.4404517,10.3488535,16.69,9.836,330.55,0.05,-0.16,-0.07
11000,8563987,63.4404517,10.3488534,16.7,9.843,331.09,0.06,-0.16,-0.07
11004,8564007,63.4404517,10.3488533,16.7,9.846,331.35,0.07,-0.16,-0.07
11018,8564047,63.4404517,10.3488532,16.7,9.849,331.84,0.08,-0.17,-0.06
11031,8564087,63.4404517,10.3488531,16.7,9.848,332.29,0.09,-0.17,-0.05
11035,8564107,63.4404517,10.348853,16.7,9.847,332.5,0.1,-0.17,-0.05
11049,8564147,63.4404518,10.3488529,16.7,9.843,332.89,0.11,-0.17,-0.03
11062,8564187,63.4404518,10.3488528,16.69,9.836,333.24,0.13,-0.17,-0.02
11068,8564207,63.4404518,10.3488527,16.69,9.833,333.4,0.13,-0.18,-0.01
11081,8564247,63.4404519,10.3488526,16.68,9.825,333.71,0.15,-0.18,0.0
11094,8564287,63.4404519,10.3488524,16.67,9.816,333.98,0.16,-0.19,0.01
11098,8564307,63.440452,10.3488523,16.67,9.812,334.1,0.17,-0.19,0.02
11112,8564347,63.440452,10.3488522,16.66,9.805,334.33,0.18,-0.19,0.02
11127,8564387,63.4404521,10.348852,16.65,9.799,334.54,0.19,-0.2,0.02
11131,8564407,63.4404521,10.348852,16.65,9.796,334.63,0.19,-0.2,0.02
11145,8564447,63.4404522,10.3488518,16.65,9.795,334.82,0.2,-0.2,0.01
11158,8564487,63.4404523,10.3488516,16.65,9.796,334.97,0.21,-0.21,0.0
11162,8564507,63.4404523,10.3488515,16.65,9.797,335.04,0.22,-0.21,0.0
11176,8564547,63.4404524,10.3488513,16.66,9.803,335.14,0.23,-0.22,-0.01
11181,8564567,63.4404524,10.3488513,16.66,9.808,335.18,0.24,-0.23,-0.01
11195,8564607,63.4404525,10.3488511,16.67,9.817,335.2,0.26,-0.24,-0.02
11209,8564647,63.4404526,10.3488509,16.68,9.829,335.17,0.27,-0.25,-0.02
11213,8564667,63.4404526,10.3488508,16.69,9.835,335.14,0.28,-0.25,-0.02
11226,8564707,63.4404527,10.3488505,16.7,9.848,335.03,0.29,-0.26,-0.02
11240,8564747,63.4404528,10.3488503,16.72,9.86,334.9,0.31,-0.27,-0.02
11244,8564767,63.4404529,10.3488502,16.72,9.866,334.83,0.31,-0.27,-0.01
11257,8564807,63.440453,10.3488499,16.73,9.877,334.67,0.32,-0.27,0.0
11270,8564847,63.4404531,10.3488497,16.74,9.886,334.54,0.34,-0.27,0.01
11275,8564867,63.4404532,10.3488496,16.75,9.891,334.49,0.34,-0.27,0.01
11289,8564907,63.4404533,10.3488493,16.75,9.898,334.38,0.35,-0.27,0.02
11302,8564947,63.4404534,10.3488491,16.76,9.903,334.3,0.37,-0.27,0.03
11307,8564967,63.4404535,10.348849,16.76,9.906,334.26,0.37,-0.27,0.03
11320,8565007,63.4404536,10.3488487,16.77,9.91,334.19,0.39,-0.27,0.03
11333,8565047,63.4404538,10.3488485,16.77,9.913,334.12,0.4,-0.27,0.03
11338,8565067,63.4404538,10.3488484,16.77,9.914,334.08,0.41,-0.27,0.03
11351,8565107,63.440454,10.3488481,16.77,9.917,333.99,0.43,-0.28,0.02
11364,8565147,63.4404541,10.3488478,16.77,9.919,333.88,0.45,-0.28,0.01
11369,8565167,63.4404542,10.3488477,16.77,9.919,333.82,0.45,-0.29,0.01
11382,8565207,63.4404544,10.3488474,16.78,9.921,333.68,0.47,-0.29,0.0
11387,8565227,63.4404545,10.3488473,16.78,9.922,333.6,0.47,-0.3,-0.01
11401,8565267,63.4404546,10.348847,16.78,9.921,333.44,0.48,-0.3,-0.02
11414,8565307,63.4404548,10.3488467,16.78,9.921,333.27,0.49,-0.31,-0.03
11418,8565327,63.4404549,10.3488465,16.78,9.921,333.18,0.49,-0.31,-0.04
11432,8565367,63.440455,10.3488462,16.77,9.916,333.01,0.5,-0.31,-0.04
11447,8565407,63.4404552,10.3488459,16.77,9.912,332.85,0.51,-0.31,-0.04
11451,8565427,63.4404553,10.3488458,16.77,9.911,332.77,0.51,-0.31,-0.04
11465,8565467,63.4404555,10.3488455,16.76,9.903,332.65,0.51,-0.31,-0.04
11478,8565507,63.4404557,10.3488452,16.75,9.895,332.53,0.52,-0.32,-0.04
11484,8565527,63.4404558,10.348845,16.75,9.892,332.48,0.53,-0.32,-0.03
11497,8565567,63.4404559,10.3488447,16.74,9.882,332.39,0.53,-0.33,-0.03
11511,8565607,63.4404561,10.3488444,16.73,9.873,332.29,0.54,-0.34,-0.02
11515,8565627,63.4404562,10.3488442,16.73,9.87,332.24,0.54,-0.34,-0.02
11529,8565667,63.4404564,10.3488439,16.72,9.862,332.14,0.54,-0.34,-0.02
11542,8565707,63.4404566,10.3488435,16.71,9.856,332.04,0.54,-0.35,-0.03
11546,8565727,63.4404567,10.3488434,16.71,9.853,332.0,0.54,-0.36,-0.03
11560,8565767,63.4404569,10.348843,16.71,9.85,331.92,0.54,-0.36,-0.04
11573,8565807,63.4404571,10.3488427,16.7,9.849,331.85,0.53,-0.36,-0.05
11580,8565827,63.4404572,10.3488425,16.7,9.848,331.84,0.53,-0.36,-0.05
11591,8565867,63.4404574,10.3488421,16.71,9.851,331.83,0.53,-0.37,-0.07
11605,8565887,63.4404574,10.348842,16.71,9.853,331.83,0.53,-0.37,-0.07
11618,8565927,63.4404576,10.3488416,16.71,9.856,331.87,0.53,-0.37,-0.08
11623,8565967,63.4404578,10.3488412,16.72,9.863,331.93,0.53,-0.37,-0.1
11635,8565987,63.4404579,10.348841,16.72,9.867,331.96,0.53,-0.37,-0.1
11642,8566027,63.4404581,10.3488406,16.73,9.874,332.02,0.53,-0.38,-0.11
11654,8566067,63.4404583,10.3488403,16.74,9.883,332.07,0.53,-0.38,-0.12
11666,8566087,63.4404584,10.3488401,16.74,9.887,332.09,0.53,-0.39,-0.13
11673,8566127,63.4404586,10.3488396,16.75,9.895,332.12,0.53,-0.4,-0.14
11685,8566167,63.4404588,10.3488392,16.76,9.903,332.15,0.52,-0.4,-0.14
11697,8566187,63.4404589,10.348839,16.76,9.907,332.16,0.52,-0.4,-0.14
11705,8566227,63.4404591,10.3488387,16.77,9.915,332.21,0.51,-0.4,-0.14
11717,8566267,63.4404592,10.3488383,16.78,9.923,332.28,0.51,-0.4,-0.13
11729,8566287,63.4404593,10.348838,16.78,9.926,332.32,0.5,-0.4,-0.13
11738,8566327,63.4404595,10.3488376,16.79,9.931,332.42,0.5,-0.41,-0.12
11748,8566367,63.4404597,10.3488372,16.79,9.937,332.56,0.5,-0.41,-0.11
11762,8566387,63.4404598,10.348837,16.79,9.939,332.64,0.5,-0.41,-0.1
11776,8566427,63.4404599,10.3488366,16.8,9.944,332.82,0.5,-0.41,-0.08
11781,8566467,63.4404601,10.3488362,16.8,9.948,333.04,0.5,-0.41,-0.06
11793,8566487,63.4404602,10.348836,16.81,9.95,333.14,0.5,-0.42,-0.05
11807,8566527,63.4404604,10.3488356,16.81,9.952,333.37,0.51,-0.42,-0.03
11812,8566547,63.4404605,10.3488354,16.81,9.954,333.49,0.51,-0.42,-0.03
11825,8566587,63.4404607,10.348835,16.81,9.957,333.73,0.52,-0.42,-0.01
11840,8566627,63.4404609,10.3488346,16.82,9.96,333.96,0.53,-0.42,0.0
11843,8566647,63.440461,10.3488344,16.82,9.962,334.08,0.53,-0.42,0.0
11857,8566687,63.4404612,10.348834,16.82,9.966,334.31,0.54,-0.42,0.02
11871,8566727,63.4404614,10.3488335,16.82,9.969,334.54,0.54,-0.43,0.02
11874,8566747,63.4404615,10.3488333,16.83,9.971,334.66,0.55,-0.43,0.02
11888,8566787,63.4404617,10.3488329,16.83,9.976,334.89,0.55,-0.43,0.02
11894,8566827,63.4404619,10.3488325,16.84,9.98,335.13,0.55,-0.43,0.0
11905,8566847,63.440462,10.3488323,16.84,9.983,335.25,0.55,-0.43,0.0
11920,8566887,63.4404622,10.3488319,16.85,9.99,335.49,0.55,-0.42,-0.02
11932,8566927,63.4404624,10.3488314,16.85,9.996,335.73,0.55,-0.43,-0.04
11937,8566947,63.4404625,10.3488312,16.85,9.999,335.85,0.55,-0.43,-0.06
11951,8566987,63.4404627,10.3488308,16.86,10.006,336.09,0.55,-0.43,-0.08
11957,8567027,63.4404629,10.3488304,16.87,10.013,336.32,0.55,-0.43,-0.11
11968,8567047,63.440463,10.3488302,16.87,10.015,336.43,0.55,-0.43,-0.12
11982,8567087,63.4404632,10.3488298,16.87,10.018,336.65,0.55,-0.44,-0.13
11992,8567127,63.4404634,10.3488294,16.88,10.022,336.84,0.55,-0.44,-0.14
12000,8567147,63.4404635,10.3488292,16.88,10.02,336.94,0.55,-0.44,-0.15
12013,8567187,63.4404637,10.3488287,16.87,10.017,337.12,0.54,-0.45,-0.15
12019,8567207,63.4404638,10.3488285,16.87,10.016,337.2,0.55,-0.45,-0.15
12031,8567247,63.440464,10.3488281,16.87,10.01,337.38,0.54,-0.45,-0.14
12045,8567287,63.4404642,10.3488277,16.86,10.0,337.56,0.54,-0.45,-0.13
12049,8567307,63.4404643,10.3488275,16.85,9.995,337.65,0.54,-0.45,-0.12
12062,8567347,63.4404645,10.348827,16.84,9.983,337.85,0.54,-0.44,-0.09
12078,8567387,63.4404647,10.3488266,16.82,9.968,338.08,0.54,-0.43,-0.06
12082,8567407,63.4404648,10.3488264,16.82,9.961,338.19,0.54,-0.43,-0.04
12095,8567447,63.440465,10.3488261,16.8,9.947,338.43,0.55,-0.42,0.0
12109,8567487,63.4404652,10.3488257,16.79,9.932,338.67,0.55,-0.41,0.04
12113,8567507,63.4404653,10.3488255,16.78,9.924,338.78,0.56,-0.4,0.06
12128,8567547,63.4404655,10.3488251,16.77,9.911,338.98,0.57,-0.4,0.1
12141,8567587,63.4404657,10.3488247,16.75,9.899,339.15,0.57,-0.39,0.13
12146,8567607,63.4404658,10.3488246,16.75,9.893,339.23,0.58,-0.39,0.14
12159,8567647,63.440466,10.3488242,16.74,9.886,339.36,0.58,-0.39,0.16
12173,8567687,63.4404662,10.3488238,16.74,9.883,339.47,0.58,-0.39,0.16
12177,8567707,63.4404663,10.3488237,16.74,9.882,339.51,0.58,-0.39,0.16
12190,8567747,63.4404666,10.3488233,16.74,9.884,339.59,0.59,-0.39,0.15
12204,8567787,63.4404668,10.3488229,16.75,9.89,339.67,0.59,-0.38,0.12
12208,8567807,63.4404669,10.3488228,16.75,9.893,339.71,0.59,-0.38,0.11
12222,8567847,63.4404671,10.3488224,16.76,9.901,339.79,0.59,-0.38,0.07
12227,8567867,63.4404672,10.3488223,16.76,9.907,339.84,0.59,-0.38,0.05
12240,8567907,63.4404675,10.3488219,16.77,9.919,339.92,0.6,-0.38,0.02
12254,8567947,63.4404677,10.3488216,16.78,9.929,340.04,0.6,-0.37,-0.01
12258,8567967,63.4404678,10.3488214,16.79,9.934,340.1,0.61,-0.37,-0.02
12271,8568007,63.440468,10.3488211,16.8,9.944,340.21,0.61,-0.37,-0.04
12284,8568047,63.4404683,10.3488207,16.81,9.95,340.32,0.62,-0.37,-0.05
12289,8568067,63.4404684,10.3488206,16.81,9.951,340.38,0.62,-0.37,-0.05
12302,8568107,63.4404686,10.3488203,16.81,9.953,340.47,0.63,-0.36,-0.05
12316,8568147,63.4404689,10.34882,16.81,9.951,340.54,0.63,-0.36,-0.04
12320,8568167,63.440469,10.3488198,16.8,9.948,340.57,0.64,-0.35,-0.03
12333,8568207,63.4404692,10.3488195,16.8,9.944,340.59,0.64,-0.35,-0.02
12348,8568247,63.4404695,10.3488192,16.79,9.937,340.57,0.64,-0.34,-0.02
12352,8568267,63.4404696,10.3488191,16.79,9.934,340.56,0.64,-0.34,-0.01
12365,8568307,63.4404698,10.3488187,16.78,9.926,340.49,0.63,-0.34,-0.01
12379,8568347,63.4404701,10.3488184,16.78,9.92,340.4,0.63,-0.34,-0.01
12383,8568367,63.4404702,10.3488183,16.77,9.917,340.35,0.63,-0.34,-0.02
12398,8568407,63.4404704,10.348818,16.77,9.913,340.22,0.62,-0.34,-0.02
12412,8568447,63.4404707,10.3488177,16.77,9.91,340.1,0.61,-0.34,-0.03
12416,8568467,63.4404708,10.3488176,16.76,9.909,340.04,0.61,-0.34,-0.04
12429,8568507,63.440471,10.3488173,16.76,9.908,339.91,0.6,-0.34,-0.05
12436,8568527,63.4404711,10.3488171,16.76,9.907,339.85,0.6,-0.34,-0.05
12448,8568567,63.4404714,10.3488168,16.76,9.905,339.75,0.6,-0.34,-0.06
12462,8568607,63.4404716,10.3488165,16.76,9.904,339.65,0.59,-0.34,-0.06
12475,8568627,63.4404717,10.3488164,16.76,9.903,339.61,0.59,-0.34,-0.06
12480,8568667,63.4404719,10.3488161,16.75,9.899,339.52,0.59,-0.34,-0.06
12493,8568707,63.4404722,10.3488158,16.75,9.894,339.43,0.59,-0.34,-0.05
12504,8568727,63.4404723,10.3488157,16.75,9.892,339.38,0.59,-0.34,-0.04
12511,8568767,63.4404725,10.3488154,16.74,9.885,339.29,0.59,-0.34,-0.03
12524,8568807,63.4404727,10.3488151,16.73,9.879,339.17,0.6,-0.34,-0.03
12536,8568827,63.4404728,10.348815,16.73,9.876,339.11,0.6,-0.34,-0.02
12542,8568867,63.4404731,10.3488147,16.73,9.87,339.0,0.59,-0.34,-0.02
12556,8568907,63.4404733,10.3488144,16.72,9.865,338.86,0.59,-0.34,-0.01
12567,8568927,63.4404734,10.3488142,16.72,9.863,338.8,0.59,-0.34,-0.01
12574,8568967,63.4404736,10.3488139,16.72,9.862,338.67,0.59,-0.35,-0.01
12587,8569007,63.4404739,10.3488137,16.72,9.861,338.53,0.59,-0.35,-0.01
12600,8569027,63.440474,10.3488135,16.72,9.86,338.46,0.59,-0.35,-0.01
12605,8569067,63.4404742,10.3488132,16.72,9.862,338.34,0.58,-0.36,-0.01
12618,8569107,63.4404744,10.3488129,16.72,9.863,338.23,0.59,-0.36,-0.01
12631,8569127,63.4404746,10.3488128,16.72,9.863,338.18,0.59,-0.36,-0.02
12636,8569167,63.4404748,10.3488125,16.72,9.865,338.09,0.59,-0.37,-0.01
12648,8569187,63.4404749,10.3488123,16.72,9.865,338.05,0.59,-0.37,-0.01
12663,8569227,63.4404751,10.348812,16.72,9.866,337.99,0.6,-0.37,-0.01
12668,8569267,63.4404754,10.3488117,16.72,9.865,337.95,0.6,-0.37,-0.01
12680,8569287,63.4404755,10.3488115,16.72,9.864,337.92,0.6,-0.37,-0.01
12691,8569327,63.4404757,10.3488112,16.72,9.863,337.87,0.61,-0.37,0.0
12699,8569367,63.440476,10.3488109,16.72,9.86,337.82,0.62,-0.37,0.0
12713,8569387,63.4404761,10.3488108,16.71,9.859,337.78,0.62,-0.37,-0.01
12718,8569427,63.4404763,10.3488105,16.71,9.857,337.72,0.62,-0.37,-0.01
12732,8569467,63.4404766,10.3488102,16.71,9.856,337.65,0.62,-0.37,-0.02
12744,8569487,63.4404767,10.34881,16.71,9.856,337.61,0.62,-0.37,-0.03
12758,8569527,63.4404769,10.3488097,16.71,9.856,337.53,0.61,-0.37,-0.04
12764,8569567,63.4404771,10.3488094,16.71,9.859,337.45,0.61,-0.38,-0.07
12776,8569587,63.4404773,10.3488093,16.72,9.861,337.41,0.61,-0.38,-0.08
12791,8569627,63.4404775,10.348809,16.72,9.865,337.32,0.6,-0.39,-0.1
12796,8569667,63.4404777,10.3488087,16.73,9.872,337.25,0.6,-0.39,-0.12
12808,8569687,63.4404778,10.3488085,16.73,9.875,337.22,0.6,-0.4,-0.13
12816,8569727,63.4404781,10.3488082,16.74,9.881,337.16,0.59,-0.4,-0.15
12827,8569767,63.4404783,10.3488078,16.74,9.885,337.13,0.59,-0.41,-0.15
12839,8569787,63.4404784,10.3488077,16.74,9.887,337.11,0.59,-0.42,-0.15
12846,8569827,63.4404786,10.3488073,16.75,9.892,337.1,0.59,-0.42,-0.14
12856,8569847,63.4404787,10.3488072,16.75,9.892,337.11,0.58,-0.42,-0.14
12873,8569887,63.440479,10.3488068,16.75,9.891,337.14,0.58,-0.43,-0.12
12880,8569927,63.4404792,10.3488065,16.75,9.89,337.19,0.58,-0.42,-0.09
12892,8569947,63.4404793,10.3488063,16.74,9.887,337.23,0.59,-0.42,-0.07
12906,8569987,63.4404795,10.348806,16.74,9.883,337.29,0.59,-0.42,-0.03
12920,8570027,63.4404797,10.3488057,16.73,9.878,337.36,0.59,-0.42,0.0
12923,8570047,63.4404799,10.3488055,16.73,9.876,337.39,0.6,-0.42,0.01
12937,8570087,63.4404801,10.3488052,16.73,9.872,337.45,0.6,-0.41,0.04
12941,8570127,63.4404803,10.3488049,16.72,9.867,337.49,0.6,-0.41,0.07
12952,8570147,63.4404804,10.3488047,16.72,9.868,337.5,0.6,-0.41,0.08
12966,8570187,63.4404806,10.3488044,16.72,9.869,337.52,0.61,-0.41,0.09
12973,8570227,63.4404808,10.3488041,16.72,9.868,337.51,0.61,-0.41,0.1
12984,8570247,63.440481,10.3488039,16.73,9.872,337.5,0.61,-0.41,0.1
12998,8570287,63.4404812,10.3488036,16.73,9.878,337.48,0.61,-0.42,0.09
13003,8570327,63.4404814,10.3488033,16.74,9.884,337.45,0.6,-0.42,0.08
13015,8570347,63.4404815,10.3488031,16.74,9.888,337.44,0.6,-0.42,0.07
13031,8570387,63.4404817,10.3488028,16.75,9.897,337.43,0.6,-0.42,0.06
13040,8570427,63.440482,10.3488024,16.76,9.905,337.43,0.6,-0.42,0.05
13049,8570447,63.4404821,10.3488023,16.76,9.909,337.44,0.59,-0.42,0.04
13062,8570487,63.4404823,10.3488019,16.77,9.915,337.46,0.59,-0.42,0.03
13066,8570507,63.4404824,10.3488018,16.77,9.919,337.48,0.59,-0.42,0.02
13081,8570547,63.4404826,10.3488015,16.78,9.923,337.53,0.59,-0.41,0.01
13094,8570587,63.4404828,10.3488011,16.78,9.925,337.58,0.6,-0.4,0.01
13110,8570607,63.4404829,10.348801,16.78,9.926,337.6,0.6,-0.4,0.01
13113,8570647,63.4404832,10.3488007,16.78,9.925,337.65,0.6,-0.4,0.02
13126,8570687,63.4404834,10.3488004,16.78,9.922,337.68,0.61,-0.39,0.02
13130,8570707,63.4404835,10.3488002,16.78,9.92,337.68,0.61,-0.39,0.03
13143,8570747,63.4404837,10.3487999,16.77,9.916,337.69,0.62,-0.38,0.03
13157,8570787,63.4404839,10.3487996,16.77,9.91,337.66,0.63,-0.38,0.03
13161,8570807,63.4404841,10.3487995,16.76,9.907,337.64,0.63,-0.38,0.03
13174,8570847,63.4404843,10.3487992,16.76,9.9,337.58,0.63,-0.38,0.03
13189,8570887,63.4404845,10.3487989,16.75,9.894,337.49,0.63,-0.38,0.02
13193,8570907,63.4404846,10.3487988,16.75,9.891,337.45,0.63,-0.37,0.01
13206,8570947,63.4404849,10.3487985,16.74,9.885,337.35,0.63,-0.37,0.0
13220,8570987,63.4404851,10.3487982,16.73,9.879,337.24,0.63,-0.37,-0.01
13224,8571007,63.4404852,10.3487981,16.73,9.876,337.19,0.63,-0.37,-0.02
13237,8571047,63.4404854,10.3487978,16.73,9.87,337.07,0.63,-0.37,-0.04
13251,8571087,63.4404857,10.3487975,16.72,9.864,336.94,0.63,-0.37,-0.05
13265,8571107,63.4404858,10.3487973,16.72,9.862,336.87,0.62,-0.37,-0.06
13275,8571147,63.440486,10.348797,16.71,9.856,336.72,0.62,-0.36,-0.06
13278,8571167,63.4404861,10.3487969,16.71,9.853,336.64,0.62,-0.36,-0.06
13297,8571207,63.4404863,10.3487966,16.7,9.847,336.47,0.62,-0.36,-0.06
13301,8571247,63.4404866,10.3487963,16.7,9.84,336.28,0.62,-0.36,-0.05
13305,8571267,63.4404867,10.3487962,16.69,9.836,336.19,0.62,-0.35,-0.04
13318,8571307,63.4404869,10.3487959,16.68,9.829,335.98,0.62,-0.35,-0.02
13331,8571347,63.4404871,10.3487956,16.68,9.821,335.77,0.63,-0.35,0.0
13336,8571367,63.4404872,10.3487955,16.67,9.817,335.67,0.63,-0.35,0.01
13351,8571407,63.4404874,10.3487952,16.66,9.809,335.44,0.63,-0.35,0.03
13364,8571447,63.4404877,10.348795,16.66,9.802,335.22,0.64,-0.35,0.05
13369,8571467,63.4404878,10.3487948,16.65,9.799,335.12,0.64,-0.35,0.06
13382,8571507,63.440488,10.3487946,16.65,9.792,334.89,0.64,-0.35,0.07
13397,8571547,63.4404882,10.3487943,16.64,9.787,334.67,0.64,-0.35,0.07
13401,8571567,63.4404884,10.3487941,16.64,9.786,334.55,0.64,-0.36,0.07
13415,8571607,63.4404886,10.3487939,16.64,9.784,334.32,0.64,-0.36,0.06
13428,8571647,63.4404888,10.3487936,16.64,9.784,334.1,0.64,-0.36,0.04
13433,8571667,63.4404889,10.3487934,16.64,9.785,333.99,0.63,-0.36,0.02
13446,8571707,63.4404892,10.3487931,16.64,9.789,333.78,0.63,-0.37,0.0
13459,8571747,63.4404894,10.3487929,16.65,9.795,333.59,0.63,-0.37,-0.03
13464,8571767,63.4404895,10.3487927,16.65,9.799,333.5,0.62,-0.37,-0.04
13477,8571807,63.4404897,10.3487924,16.66,9.807,333.31,0.62,-0.37,-0.07
13490,8571827,63.4404898,10.3487923,16.67,9.811,333.22,0.62,-0.37,-0.08
13495,8571867,63.44049,10.348792,16.67,9.819,333.04,0.61,-0.38,-0.1
13509,8571907,63.4404903,10.3487917,16.68,9.827,332.85,0.61,-0.38,-0.11
13514,8571927,63.4404904,10.3487915,16.69,9.831,332.75,0.61,-0.38,-0.12
13527,8571967,63.4404906,10.3487912,16.69,9.837,332.56,0.6,-0.38,-0.12
13540,8572007,63.4404908,10.3487909,16.7,9.842,332.36,0.6,-0.38,-0.12
13547,8572027,63.4404909,10.3487908,16.7,9.844,332.25,0.6,-0.38,-0.11
13558,8572067,63.4404911,10.3487905,16.7,9.845,332.05,0.6,-0.39,-0.1
13571,8572107,63.4404913,10.3487901,16.7,9.844,331.82,0.59,-0.39,-0.08
13578,8572127,63.4404914,10.34879,16.7,9.844,331.71,0.59,-0.39,-0.08
13589,8572167,63.4404916,10.3487897,16.7,9.84,331.49,0.59,-0.4,-0.06
13602,8572207,63.4404918,10.3487894,16.69,9.836,331.28,0.59,-0.4,-0.03
13611,8572227,63.4404919,10.3487892,16.69,9.834,331.19,0.59,-0.4,-0.02
13621,8572267,63.4404922,10.3487889,16.68,9.828,331.01,0.59,-0.4,0.0
13634,8572307,63.4404924,10.3487885,16.68,9.822,330.85,0.59,-0.41,0.0
13647,8572327,63.4404925,10.3487884,16.67,9.819,330.77,0.59,-0.41,0.01
13652,8572367,63.4404927,10.348788,16.67,9.814,330.64,0.59,-0.41,0.01
13667,8572407,63.4404929,10.3487877,16.66,9.809,330.51,0.59,-0.42,0.02
13680,8572427,63.440493,10.3487875,16.66,9.806,330.45,0.59,-0.42,0.02
13685,8572467,63.4404932,10.3487872,16.66,9.804,330.34,0.58,-0.43,0.01
13699,8572487,63.4404933,10.348787,16.66,9.804,330.29,0.58,-0.44,0.01
13706,8572527,63.4404935,10.3487866,16.66,9.803,330.19,0.58,-0.44,0.0
13717,8572567,63.4404937,10.3487862,16.66,9.805,330.11,0.57,-0.45,-0.02
13730,8572587,63.4404938,10.3487861,16.66,9.806,330.08,0.57,-0.46,-0.02
13745,8572627,63.440494,10.3487857,16.66,9.809,330.02,0.56,-0.46,-0.04
13749,8572667,63.4404942,10.3487853,16.67,9.814,329.98,0.56,-0.47,-0.06
13761,8572687,63.4404943,10.3487851,16.67,9.817,329.97,0.55,-0.47,-0.06
13775,8572727,63.4404945,10.3487847,16.68,9.822,329.95,0.55,-0.47,-0.07
13780,8572767,63.4404947,10.3487843,16.68,9.828,329.95,0.54,-0.47,-0.08
13792,8572787,63.4404948,10.3487842,16.69,9.831,329.96,0.54,-0.47,-0.08
13797,8572827,63.440495,10.3487838,16.69,9.837,329.99,0.54,-0.47,-0.08
13811,8572867,63.4404952,10.3487834,16.7,9.841,330.03,0.54,-0.47,-0.07
13824,8572887,63.4404953,10.3487832,16.7,9.843,330.06,0.55,-0.46,-0.06
13838,8572927,63.4404955,10.3487828,16.7,9.846,330.11,0.55,-0.46,-0.04
13843,8572967,63.4404957,10.3487824,16.7,9.848,330.18,0.55,-0.46,-0.02
13855,8572987,63.4404958,10.3487823,16.7,9.849,330.21,0.56,-0.46,-0.01
13865,8573027,63.440496,10.3487819,16.71,9.85,330.26,0.56,-0.46,0.0
13874,8573067,63.4404962,10.3487815,16.71,9.851,330.32,0.57,-0.46,0.02
13886,8573087,63.4404963,10.3487813,16.71,9.851,330.35,0.57,-0.46,0.03
13900,8573127,63.4404964,10.348781,16.71,9.85,330.38,0.57,-0.46,0.04
13904,8573147,63.4404965,10.3487808,16.71,9.852,330.39,0.57,-0.47,0.05
13917,8573187,63.4404967,10.3487804,16.71,9.854,330.4,0.58,-0.47,0.06
13932,8573227,63.4404969,10.34878,16.71,9.855,330.4,0.58,-0.47,0.06
13935,8573247,63.440497,10.3487798,16.71,9.858,330.4,0.58,-0.47,0.06
13949,8573287,63.4404972,10.3487795,16.72,9.864,330.38,0.58,-0.47,0.05
13956,8573327,63.4404974,10.3487791,16.72,9.869,330.37,0.59,-0.47,0.05
13966,8573347,63.4404975,10.3487789,16.73,9.874,330.37,0.59,-0.47,0.05
13982,8573387,63.4404977,10.3487785,16.74,9.882,330.37,0.59,-0.47,0.04
13994,8573427,63.4404979,10.3487781,16.74,9.889,330.37,0.59,-0.46,0.04
13999,8573447,63.440498,10.3487779,16.75,9.893,330.38,0.59,-0.46,0.03
14013,8573487,63.4404982,10.3487776,16.76,9.9,330.38,0.59,-0.46,0.04
14027,8573527,63.4404984,10.3487772,16.76,9.907,330.38,0.6,-0.46,0.03
14031,8573547,63.4404985,10.348777,16.76,9.909,330.38,0.6,-0.45,0.04
14045,8573587,63.4404987,10.3487767,16.77,9.913,330.37,0.6,-0.45,0.04
14058,8573627,63.440499,10.3487763,16.77,9.916,330.35,0.6,-0.44,0.05
14074,8573647,63.4404991,10.3487761,16.77,9.916,330.34,0.6,-0.44,0.05
14077,8573687,63.4404993,10.3487758,16.77,9.917,330.32,0.61,-0.43,0.05
14084,8573727,63.4404995,10.3487754,16.77,9.917,330.29,0.61,-0.42,0.05
14095,8573747,63.4404996,10.3487752,16.77,9.916,330.27,0.61,-0.42,0.05
14108,8573787,63.4404998,10.3487749,16.77,9.914,330.22,0.61,-0.42,0.05
14112,8573807,63.4404999,10.3487747,16.77,9.913,330.18,0.61,-0.41,0.05
14125,8573847,63.4405001,10.3487744,16.77,9.911,330.1,0.61,-0.41,0.04
14140,8573887,63.4405003,10.348774,16.76,9.908,329.99,0.61,-0.4,0.03
14144,8573907,63.4405004,10.3487739,16.76,9.907,329.94,0.61,-0.4,0.02
14157,8573947,63.4405006,10.3487736,16.76,9.905,329.81,0.61,-0.39,0.01
14171,8573987,63.4405008,10.3487732,16.76,9.902,329.67,0.61,-0.39,0.0
14175,8574007,63.4405009,10.3487731,16.76,9.901,329.59,0.61,-0.39,-0.01
14188,8574047,63.4405012,10.3487728,16.75,9.897,329.44,0.61,-0.38,-0.03
14202,8574087,63.4405014,10.3487725,16.75,9.892,329.28,0.61,-0.37,-0.04
14206,8574107,63.4405015,10.3487723,16.75,9.89,329.19,0.61,-0.37,-0.04
14219,8574147,63.4405017,10.348772,16.74,9.884,329.02,0.61,-0.37,-0.04
14233,8574187,63.4405019,10.3487717,16.73,9.876,328.83,0.62,-0.37,-0.03
14239,8574207,63.440502,10.3487716,16.73,9.873,328.74,0.62,-0.37,-0.03
14251,8574247,63.4405022,10.3487713,16.72,9.863,328.55,0.62,-0.37,-0.01
14265,8574287,63.4405024,10.348771,16.71,9.852,328.35,0.63,-0.37,0.0
14269,8574307,63.4405025,10.3487708,16.7,9.846,328.25,0.63,-0.37,0.01
14282,8574347,63.4405027,10.3487705,16.69,9.835,328.04,0.63,-0.37,0.03
14298,8574387,63.4405029,10.3487702,16.68,9.823,327.82,0.63,-0.37,0.04
14302,8574407,63.440503,10.3487701,16.67,9.818,327.71,0.63,-0.38,0.05
14315,8574447,63.4405033,10.3487698,16.66,9.809,327.49,0.63,-0.38,0.05
14320,8574467,63.4405034,10.3487696,16.66,9.806,327.38,0.63,-0.38,0.05
14333,8574507,63.4405036,10.3487693,16.66,9.8,327.15,0.63,-0.39,0.03
14347,8574547,63.4405038,10.348769,16.65,9.798,326.93,0.62,-0.39,0.01
14352,8574567,63.4405039,10.3487688,16.65,9.799,326.82,0.62,-0.4,0.0
14367,8574607,63.4405041,10.3487685,16.66,9.801,326.61,0.61,-0.4,-0.02
14380,8574647,63.4405043,10.3487682,16.66,9.807,326.42,0.61,-0.4,-0.06
14393,8574667,63.4405044,10.348768,16.67,9.812,326.33,0.61,-0.4,-0.07
14407,8574707,63.4405046,10.3487677,16.68,9.821,326.15,0.6,-0.41,-0.1
14411,8574747,63.4405048,10.3487674,16.69,9.831,325.98,0.6,-0.41,-0.12
14424,8574767,63.4405049,10.3487672,16.69,9.836,325.91,0.6,-0.41,-0.13
14428,8574807,63.4405051,10.3487668,16.7,9.846,325.75,0.6,-0.42,-0.14
14441,8574847,63.4405053,10.3487665,16.71,9.856,325.61,0.6,-0.41,-0.14
14451,8574867,63.4405054,10.3487663,16.71,9.859,325.55,0.6,-0.41,-0.13
14460,8574907,63.4405056,10.348766,16.72,9.865,325.41,0.6,-0.41,-0.12
14474,8574947,63.4405058,10.3487657,16.72,9.868,325.27,0.6,-0.42,-0.1
14478,8574967,63.4405059,10.3487655,16.72,9.869,325.2,0.6,-0.42,-0.08
14491,8575007,63.4405061,10.3487652,16.73,9.87,325.04,0.61,-0.42,-0.06
14504,8575047,63.4405063,10.3487649,16.73,9.87,324.89,0.6,-0.42,-0.03
14509,8575067,63.4405064,10.3487647,16.72,9.869,324.81,0.6,-0.43,-0.02
14522,8575107,63.4405066,10.3487644,16.72,9.866,324.65,0.6,-0.43,0.0
14528,8575127,63.4405067,10.3487642,16.72,9.865,324.58,0.6,-0.44,0.0
14540,8575167,63.4405069,10.3487638,16.72,9.865,324.45,0.59,-0.44,0.01
14555,8575207,63.4405071,10.3487635,16.72,9.864,324.34,0.59,-0.45,0.02
14561,8575227,63.4405072,10.3487633,16.72,9.863,324.3,0.59,-0.45,0.02
14572,8575267,63.4405074,10.3487629,16.72,9.868,324.22,0.58,-0.45,0.01
14585,8575307,63.4405076,10.3487625,16.73,9.871,324.16,0.58,-0.45,0.0
14598,8575327,63.4405077,10.3487624,16.73,9.873,324.14,0.58,-0.46,0.0
14603,8575367,63.4405079,10.348762,16.74,9.881,324.11,0.58,-0.46,-0.01
14618,8575407,63.4405081,10.3487616,16.74,9.889,324.08,0.58,-0.46,-0.02
14631,8575427,63.4405082,10.3487614,16.75,9.893,324.06,0.58,-0.46,-0.03
14636,8575467,63.4405084,10.348761,16.76,9.904,324.02,0.58,-0.47,-0.04
14649,8575507,63.4405086,10.3487606,16.77,9.913,323.97,0.58,-0.47,-0.05
14662,8575527,63.4405087,10.3487604,16.77,9.917,323.94,0.58,-0.47,-0.05
14668,8575567,63.4405089,10.3487601,16.78,9.925,323.88,0.58,-0.47,-0.06
14682,8575607,63.4405091,10.3487597,16.79,9.932,323.8,0.57,-0.47,-0.06
14695,8575627,63.4405092,10.3487595,16.79,9.936,323.77,0.58,-0.47,-0.05
14710,8575667,63.4405094,10.3487591,16.79,9.938,323.7,0.57,-0.47,-0.05
14713,8575707,63.4405096,10.3487587,16.79,9.939,323.64,0.57,-0.46,-0.04
14724,8575727,63.4405097,10.3487585,16.8,9.94,323.62,0.57,-0.46,-0.03
14731,8575767,63.4405099,10.3487581,16.79,9.936,323.59,0.57,-0.46,-0.02
14743,8575787,63.44051,10.348758,16.79,9.934,323.59,0.57,-0.45,-0.02
14751,8575827,63.4405102,10.3487576,16.79,9.93,323.59,0.57,-0.45,-0.01
14762,8575867,63.4405104,10.3487572,16.78,9.922,323.61,0.58,-0.45,0.0
14775,8575887,63.4405105,10.348757,16.77,9.918,323.62,0.58,-0.45,0.0
14782,8575927,63.4405107,10.3487567,16.77,9.91,323.64,0.58,-0.44,0.01
14794,8575967,63.4405109,10.3487563,16.76,9.901,323.66,0.58,-0.44,0.02
14806,8575987,63.440511,10.3487561,16.75,9.897,323.66,0.58,-0.44,0.02
14813,8576027,63.4405111,10.3487558,16.74,9.889,323.66,0.58,-0.44,0.02
14825,8576067,63.4405113,10.3487554,16.74,9.882,323.64,0.59,-0.44,0.02
14837,8576087,63.4405114,10.3487552,16.73,9.879,323.63,0.59,-0.44,0.02
14848,8576127,63.4405116,10.3487549,16.73,9.873,323.59,0.59,-0.44,0.02
14856,8576167,63.4405118,10.3487545,16.73,9.87,323.54,0.59,-0.44,0.01
14870,8576187,63.4405119,10.3487543,16.72,9.869,323.5,0.59,-0.44,0.01
14885,8576227,63.4405121,10.348754,16.72,9.867,323.44,0.59,-0.43,0.0
14888,8576267,63.4405123,10.3487536,16.72,9.867,323.37,0.59,-0.43,-0.01
14902,8576287,63.4405124,10.3487534,16.72,9.867,323.34,0.59,-0.43,-0.01
14907,8576327,63.4405126,10.348753,16.72,9.869,323.28,0.58,-0.43,-0.02
14919,8576367,63.4405128,10.3487527,16.73,9.87,323.23,0.58,-0.43,-0.03
14933,8576387,63.4405129,10.3487525,16.73,9.871,323.2,0.58,-0.43,-0.04
14947,8576427,63.4405131,10.3487521,16.73,9.873,323.16,0.58,-0.44,-0.05
14951,8576447,63.4405132,10.348752,16.73,9.873,323.15,0.58,-0.43,-0.05
14964,8576487,63.4405134,10.3487516,16.73,9.874,323.12,0.58,-0.44,-0.05
14978,8576527,63.4405136,10.3487512,16.73,9.875,323.1,0.58,-0.44,-0.05
14983,8576547,63.4405137,10.348751,16.73,9.876,323.09,0.58,-0.44,-0.05
14996,8576587,63.4405139,10.3487506,16.73,9.877,323.06,0.57,-0.44,-0.05
15006,8576627,63.440514,10.3487503,16.73,9.877,323.04,0.57,-0.45,-0.05
15014,8576647,63.4405141,10.3487501,16.73,9.879,323.02,0.57,-0.45,-0.05
15028,8576687,63.4405143,10.3487497,16.74,9.881,322.98,0.57,-0.45,-0.04
15042,8576727,63.4405145,10.3487493,16.74,9.882,322.94,0.57,-0.45,-0.04
15046,8576747,63.4405146,10.3487492,16.74,9.885,322.91,0.57,-0.46,-0.04
15059,8576787,63.4405148,10.3487488,16.75,9.891,322.85,0.56,-0.46,-0.03
15069,8576827,63.440515,10.3487484,16.75,9.896,322.79,0.56,-0.46,-0.03
15076,8576847,63.4405151,10.3487482,16.76,9.901,322.76,0.56,-0.46,-0.03
15091,8576887,63.4405153,10.3487478,16.77,9.91,322.69,0.56,-0.47,-0.03
15100,8576927,63.4405155,10.3487474,16.77,9.918,322.64,0.56,-0.47,-0.03
15108,8576947,63.4405155,10.3487472,16.78,9.924,322.61,0.56,-0.47,-0.03
15122,8576987,63.4405157,10.3487468,16.79,9.934,322.58,0.56,-0.47,-0.03
15136,8577027,63.4405159,10.3487464,16.8,9.943,322.57,0.56,-0.47,-0.03
15139,8577047,63.440516,10.3487463,16.8,9.948,322.58,0.56,-0.47,-0.03
15153,8577087,63.4405162,10.3487459,16.81,9.956,322.6,0.56,-0.47,-0.03
15157,8577107,63.4405163,10.3487457,16.81,9.959,322.62,0.56,-0.47,-0.03
15170,8577147,63.4405165,10.3487453,16.82,9.965,322.66,0.56,-0.47,-0.03
15184,8577187,63.4405166,10.3487449,16.82,9.969,322.72,0.56,-0.47,-0.02
15190,8577207,63.4405167,10.3487447,16.83,9.97,322.74,0.56,-0.47,-0.02
15203,8577247,63.4405169,10.3487443,16.83,9.971,322.8,0.57,-0.47,-0.01
15216,8577287,63.4405171,10.3487439,16.83,9.97,322.86,0.57,-0.47,0.0
15220,8577307,63.4405172,10.3487437,16.83,9.97,322.88,0.57,-0.47,0.0
15234,8577347,63.4405174,10.3487433,16.82,9.966,322.94,0.58,-0.46,0.02
15249,8577387,63.4405176,10.348743,16.82,9.961,323.01,0.58,-0.46,0.04
15253,8577407,63.4405177,10.3487428,16.81,9.959,323.03,0.58,-0.46,0.05
15267,8577447,63.4405179,10.3487424,16.81,9.953,323.08,0.59,-0.46,0.07
15280,8577487,63.4405181,10.348742,16.8,9.947,323.13,0.59,-0.46,0.08
15284,8577507,63.4405182,10.3487418,16.8,9.944,323.14,0.59,-0.46,0.08
15298,8577547,63.4405184,10.3487414,16.79,9.938,323.18,0.6,-0.45,0.09
15312,8577587,63.4405186,10.348741,16.79,9.933,323.2,0.6,-0.45,0.08
15317,8577607,63.4405187,10.3487408,16.79,9.931,323.21,0.6,-0.44,0.07
15330,8577647,63.4405189,10.3487405,16.78,9.927,323.21,0.6,-0.44,0.06
15344,8577687,63.4405191,10.3487401,16.78,9.925,323.2,0.6,-0.44,0.04
15348,8577707,63.4405192,10.3487399,16.78,9.924,323.18,0.61,-0.43,0.02
15361,8577747,63.4405194,10.3487395,16.78,9.923,323.14,0.61,-0.43,0.0
15366,8577767,63.4405195,10.3487393,16.78,9.922,323.11,0.61,-0.43,0.0
15379,8577807,63.4405197,10.348739,16.78,9.922,323.03,0.61,-0.42,-0.02
15392,8577847,63.4405199,10.3487386,16.78,9.921,322.94,0.61,-0.42,-0.04
15401,8577867,63.44052,10.3487384,16.78,9.92,322.89,0.61,-0.42,-0.05
15411,8577907,63.4405202,10.3487381,16.77,9.918,322.77,0.61,-0.42,-0.05
15424,8577947,63.4405204,10.3487377,16.77,9.915,322.64,0.61,-0.42,-0.05
15429,8577967,63.4405205,10.3487375,16.77,9.913,322.56,0.61,-0.41,-0.05
15442,8578007,63.4405207,10.3487372,16.76,9.908,322.41,0.61,-0.41,-0.05
15455,8578047,63.4405209,10.3487368,16.76,9.902,322.25,0.61,-0.41,-0.03
15460,8578067,63.440521,10.3487367,16.75,9.898,322.17,0.62,-0.41,-0.03
15473,8578107,63.4405212,10.3487363,16.75,9.891,322.0,0.62,-0.4,-0.01
15487,8578147,63.4405214,10.348736,16.74,9.883,321.83,0.62,-0.4,0.0
15491,8578167,63.4405215,10.3487358,16.73,9.879,321.75,0.62,-0.4,0.0
15506,8578207,63.4405217,10.3487355,16.73,9.872,321.57,0.62,-0.4,0.01
15519,8578247,63.4405219,10.3487351,16.72,9.867,321.39,0.62,-0.4,0.01
15523,8578267,63.440522,10.348735,16.72,9.865,321.3,0.62,-0.4,0.01
15536,8578307,63.4405222,10.3487346,16.72,9.862,321.11,0.62,-0.4,0.0
15549,8578347,63.4405225,10.3487342,16.72,9.861,320.91,0.61,-0.41,0.0
15554,8578367,63.4405226,10.3487341,16.72,9.862,320.81,0.61,-0.41,-0.01
15569,8578407,63.4405228,10.3487337,16.72,9.864,320.62,0.6,-0.41,-0.03
15582,8578427,63.4405229,10.3487335,16.72,9.865,320.52,0.6,-0.42,-0.04
15587,8578467,63.4405231,10.3487332,16.72,9.868,320.36,0.59,-0.42,-0.06
15600,8578507,63.4405233,10.3487328,16.73,9.871,320.22,0.59,-0.42,-0.07
15614,8578527,63.4405234,10.3487327,16.73,9.873,320.16,0.59,-0.42,-0.08
15619,8578567,63.4405236,10.3487323,16.73,9.874,320.07,0.58,-0.42,-0.09
15634,8578607,63.4405238,10.3487319,16.73,9.875,320.0,0.58,-0.43,-0.09
15646,8578627,63.4405239,10.3487317,16.73,9.876,319.97,0.58,-0.43,-0.09
15651,8578667,63.4405241,10.3487314,16.73,9.874,319.91,0.58,-0.43,-0.08
15664,8578707,63.4405243,10.348731,16.73,9.871,319.85,0.58,-0.44,-0.06
15677,8578727,63.4405244,10.3487308,16.73,9.87,319.81,0.58,-0.44,-0.06
15682,8578767,63.4405246,10.3487304,16.72,9.865,319.74,0.58,-0.44,-0.03
15695,8578807,63.4405248,10.3487301,16.72,9.86,319.66,0.58,-0.44,-0.01
15703,8578827,63.4405249,10.3487299,16.71,9.858,319.61,0.58,-0.44,0.0
15723,8578867,63.4405251,10.3487295,16.71,9.854,319.53,0.58,-0.44,0.02
15727,8578907,63.4405253,10.3487291,16.71,9.85,319.45,0.59,-0.44,0.04
15740,8578927,63.4405254,10.3487289,16.7,9.848,319.42,0.58,-0.44,0.04
15745,8578967,63.4405256,10.3487285,16.7,9.846,319.35,0.59,-0.44,0.05
15758,8579007,63.4405257,10.3487282,16.7,9.845,319.3,0.59,-0.44,0.05
15764,8579027,63.4405258,10.348728,16.7,9.844,319.27,0.58,-0.44,0.05
15776,8579067,63.440526,10.3487276,16.7,9.846,319.23,0.58,-0.44,0.04
15788,8579087,63.4405261,10.3487274,16.7,9.847,319.21,0.58,-0.44,0.03
15795,8579127,63.4405263,10.348727,16.7,9.849,319.16,0.58,-0.44,0.01
15807,8579167,63.4405265,10.3487266,16.71,9.851,319.11,0.58,-0.44,0.0
15819,8579187,63.4405266,10.3487264,16.71,9.853,319.08,0.57,-0.44,-0.01
15831,8579227,63.4405268,10.348726,16.71,9.856,319.03,0.57,-0.44,-0.03
15845,8579267,63.440527,10.3487257,16.71,9.855,318.98,0.57,-0.44,-0.04
15859,8579287,63.4405271,10.3487255,16.71,9.855,318.95,0.57,-0.44,-0.05
15862,8579327,63.4405273,10.3487251,16.71,9.855,318.91,0.57,-0.44,-0.06
15879,8579367,63.4405275,10.3487247,16.7,9.849,318.89,0.56,-0.44,-0.05
15884,8579387,63.4405276,10.3487245,16.7,9.846,318.87,0.56,-0.44,-0.05
15898,8579427,63.4405278,10.3487241,16.7,9.842,318.85,0.56,-0.44,-0.04
15903,8579467,63.440528,10.3487237,16.69,9.831,318.82,0.56,-0.44,-0.02
15915,8579487,63.4405281,10.3487235,16.68,9.826,318.81,0.56,-0.44,-0.01
15929,8579527,63.4405283,10.3487232,16.67,9.816,318.78,0.56,-0.44,0.0
15935,8579567,63.4405285,10.3487228,16.66,9.804,318.75,0.56,-0.44,0.01
15947,8579587,63.4405286,10.3487226,16.65,9.799,318.73,0.56,-0.44,0.01
15955,8579627,63.4405288,10.3487222,16.64,9.789,318.69,0.56,-0.44,0.03
15976,8579667,63.440529,10.3487218,16.64,9.781,318.65,0.56,-0.44,0.03
15979,8579687,63.4405291,10.3487216,16.63,9.777,318.63,0.56,-0.44,0.04
15993,8579727,63.4405293,10.3487212,16.63,9.77,318.59,0.56,-0.44,0.04
15996,8579747,63.4405294,10.348721,16.62,9.769,318.57,0.56,-0.44,0.04
16010,8579787,63.4405296,10.3487207,16.62,9.767,318.53,0.56,-0.44,0.03
16022,8579827,63.4405298,10.3487203,16.62,9.765,318.47,0.57,-0.45,0.03
16027,8579847,63.4405299,10.3487201,16.62,9.767,318.43,0.57,-0.45,0.03
16042,8579887,63.4405301,10.3487197,16.63,9.77,318.36,0.57,-0.45,0.02
16056,8579927,63.4405303,10.3487193,16.63,9.773,318.27,0.58,-0.45,0.02
16060,8579947,63.4405304,10.3487191,16.63,9.776,318.22,0.58,-0.45,0.02
16073,8579987,63.4405306,10.3487187,16.64,9.781,318.13,0.59,-0.45,0.01
16087,8580027,63.4405308,10.3487183,16.64,9.785,318.03,0.59,-0.45,0.01
16090,8580047,63.4405309,10.3487181,16.64,9.787,317.98,0.59,-0.45,0.01
16104,8580087,63.4405311,10.3487177,16.65,9.791,317.88,0.59,-0.45,0.01
16113,8580127,63.4405313,10.3487173,16.65,9.794,317.79,0.59,-0.45,0.01
16122,8580147,63.4405314,10.3487171,16.65,9.795,317.76,0.59,-0.45,0.01
16135,8580187,63.4405316,10.3487167,16.65,9.797,317.69,0.58,-0.45,0.0
16150,8580227,63.4405318,10.3487163,16.65,9.799,317.63,0.58,-0.45,0.0
16154,8580247,63.4405319,10.3487161,16.65,9.799,317.61,0.57,-0.46,-0.01
16167,8580287,63.4405321,10.3487157,16.66,9.8,317.58,0.57,-0.46,-0.03
16173,8580327,63.4405323,10.3487153,16.66,9.801,317.55,0.56,-0.47,-0.04
16184,8580347,63.4405324,10.3487151,16.66,9.8,317.54,0.56,-0.47,-0.05
16200,8580387,63.4405326,10.3487147,16.66,9.8,317.53,0.55,-0.47,-0.06
16214,8580407,63.4405327,10.3487145,16.66,9.8,317.53,0.55,-0.47,-0.07
16218,8580447,63.4405329,10.3487141,16.65,9.798,317.55,0.55,-0.48,-0.07
16231,8580487,63.4405331,10.3487136,16.65,9.794,317.59,0.55,-0.48,-0.06
16235,8580507,63.4405332,10.3487134,16.65,9.793,317.62,0.54,-0.48,-0.06
16250,8580547,63.4405334,10.348713,16.64,9.787,317.69,0.55,-0.48,-0.04
16263,8580587,63.4405335,10.3487126,16.64,9.781,317.76,0.55,-0.48,-0.03
16267,8580607,63.4405336,10.3487124,16.63,9.778,317.8,0.55,-0.48,-0.02
16281,8580647,63.4405338,10.348712,16.63,9.77,317.87,0.55,-0.47,0.0
16294,8580687,63.440534,10.3487116,16.62,9.762,317.92,0.56,-0.47,0.01
16308,8580707,63.4405341,10.3487114,16.61,9.758,317.94,0.56,-0.47,0.02
16312,8580747,63.4405343,10.3487111,16.61,9.752,317.98,0.56,-0.47,0.04
16325,8580787,63.4405345,10.3487107,16.6,9.746,318.0,0.56,-0.46,0.06
16329,8580807,63.4405346,10.3487105,16.6,9.743,318.01,0.56,-0.46,0.06
16342,8580847,63.4405348,10.3487101,16.59,9.739,318.02,0.56,-0.46,0.07
16357,8580887,63.440535,10.3487097,16.59,9.738,318.02,0.56,-0.46,0.08
16361,8580907,63.4405351,10.3487095,16.59,9.737,318.02,0.56,-0.45,0.08
16374,8580947,63.4405352,10.3487091,16.59,9.737,318.04,0.56,-0.45,0.08
16388,8580987,63.4405354,10.3487087,16.6,9.74,318.05,0.57,-0.45,0.07
16392,8581007,63.4405355,10.3487086,16.6,9.74,318.07,0.57,-0.45,0.07
16406,8581047,63.4405357,10.3487082,16.6,9.743,318.1,0.57,-0.45,0.06
16420,8581067,63.4405358,10.348708,16.6,9.745,318.13,0.58,-0.45,0.06
16423,8581107,63.440536,10.3487076,16.6,9.748,318.17,0.58,-0.45,0.05
16437,8581147,63.4405363,10.3487072,16.61,9.751,318.22,0.59,-0.45,0.03
16441,8581167,63.4405364,10.348707,16.61,9.752,318.25,0.59,-0.45,0.03
16455,8581207,63.4405366,10.3487066,16.61,9.754,318.28,0.6,-0.45,0.01
16468,8581247,63.4405368,10.3487063,16.61,9.755,318.31,0.6,-0.45,0.0
16473,8581267,63.4405369,10.3487061,16.61,9.754,318.31,0.6,-0.45,0.0
16486,8581307,63.4405371,10.3487057,16.61,9.755,318.3,0.6,-0.45,-0.01
16499,8581347,63.4405373,10.3487053,16.61,9.753,318.27,0.6,-0.46,-0.02
16504,8581367,63.4405374,10.3487051,16.61,9.752,318.25,0.6,-0.46,-0.03
16519,8581407,63.4405376,10.3487047,16.61,9.75,318.19,0.6,-0.46,-0.04
16533,8581447,63.4405378,10.3487043,16.6,9.747,318.12,0.6,-0.46,-0.05
16537,8581467,63.4405379,10.3487041,16.6,9.744,318.1,0.6,-0.46,-0.05
16550,8581507,63.4405381,10.3487038,16.6,9.74,318.03,0.6,-0.45,-0.05
16564,8581547,63.4405383,10.3487034,16.59,9.734,317.98,0.6,-0.45,-0.06
16569,8581567,63.4405384,10.3487032,16.59,9.731,317.95,0.6,-0.45,-0.06
16583,8581607,63.4405387,10.3487028,16.58,9.724,317.9,0.6,-0.45,-0.06
16596,8581647,63.4405389,10.3487025,16.57,9.717,317.84,0.59,-0.44,-0.06
16601,8581667,63.4405389,10.3487023,16.57,9.713,317.82,0.59,-0.44,-0.06
16614,8581707,63.4405391,10.348702,16.56,9.705,317.75,0.59,-0.44,-0.06
16627,8581727,63.4405392,10.3487018,16.56,9.702,317.72,0.59,-0.44,-0.06
16632,8581767,63.4405394,10.3487014,16.55,9.694,317.65,0.59,-0.44,-0.06
16645,8581807,63.4405396,10.3487011,16.54,9.687,317.57,0.58,-0.44,-0.06
16658,8581827,63.4405397,10.3487009,16.54,9.684,317.52,0.58,-0.44,-0.06
16665,8581867,63.4405399,10.3487005,16.53,9.678,317.43,0.58,-0.44,-0.06
16677,8581907,63.4405401,10.3487002,16.53,9.673,317.34,0.57,-0.45,-0.05
16684,8581927,63.4405402,10.3487,16.53,9.67,317.29,0.57,-0.45,-0.05
16695,8581967,63.4405404,10.3486996,16.52,9.667,317.19,0.56,-0.45,-0.04
16708,8582007,63.4405406,10.3486993,16.52,9.664,317.1,0.56,-0.46,-0.02
16716,8582027,63.4405407,10.3486991,16.52,9.662,317.06,0.56,-0.46,-0.02
16726,8582067,63.4405409,10.3486987,16.52,9.662,316.99,0.55,-0.46,0.0
16739,8582107,63.440541,10.3486983,16.52,9.661,316.94,0.55,-0.47,0.01
16750,8582127,63.4405411,10.3486981,16.52,9.66,316.93,0.55,-0.47,0.03
16757,8582167,63.4405413,10.3486978,16.52,9.663,316.92,0.55,-0.47,0.05
16771,8582207,63.4405415,10.3486974,16.52,9.664,316.93,0.55,-0.47,0.08
16782,8582227,63.4405416,10.3486972,16.52,9.663,316.94,0.56,-0.46,0.09
16789,8582267,63.4405418,10.3486969,16.52,9.668,316.97,0.56,-0.46,0.11
16802,8582307,63.440542,10.3486965,16.53,9.671,317.01,0.56,-0.46,0.12
16813,8582327,63.4405421,10.3486963,16.53,9.672,317.03,0.56,-0.46,0.13
16820,8582367,63.4405422,10.3486959,16.53,9.679,317.07,0.57,-0.46,0.13
16834,8582387,63.4405423,10.3486957,16.54,9.682,317.08,0.57,-0.46,0.13
16848,8582427,63.4405425,10.3486954,16.54,9.687,317.1,0.57,-0.46,0.12
16853,8582467,63.4405427,10.348695,16.55,9.697,317.1,0.57,-0.46,0.1
16865,8582487,63.4405428,10.3486948,16.56,9.702,317.09,0.57,-0.46,0.09
16880,8582527,63.440543,10.3486944,16.57,9.711,317.06,0.57,-0.46,0.06
16885,8582567,63.4405432,10.3486941,16.58,9.721,317.03,0.57,-0.46,0.04
16897,8582587,63.4405433,10.3486939,16.58,9.726,317.01,0.56,-0.46,0.02
16912,8582627,63.4405435,10.3486935,16.59,9.736,316.96,0.56,-0.46,0.0
16917,8582667,63.4405437,10.3486931,16.6,9.74,316.92,0.56,-0.46,-0.01
16929,8582687,63.4405438,10.3486929,16.6,9.742,316.9,0.56,-0.46,-0.02
16943,8582727,63.440544,10.3486926,16.6,9.747,316.87,0.55,-0.46,-0.04
16948,8582767,63.4405442,10.3486922,16.6,9.743,316.85,0.55,-0.46,-0.04
16960,8582787,63.4405443,10.348692,16.6,9.741,316.84,0.55,-0.46,-0.04
16968,8582827,63.4405445,10.3486917,16.59,9.738,316.84,0.56,-0.46,-0.03
16979,8582867,63.4405447,10.3486913,16.58,9.725,316.83,0.56,-0.46,-0.02
16992,8582887,63.4405448,10.3486911,16.57,9.719,316.82,0.56,-0.45,-0.01
17002,8582927,63.440545,10.3486907,16.56,9.707,316.79,0.57,-0.45,0.0
17011,8582967,63.4405452,10.3486904,16.55,9.69,316.76,0.57,-0.44,0.03
17023,8582987,63.4405452,10.3486902,16.54,9.681,316.73,0.58,-0.44,0.04
17037,8583027,63.4405454,10.3486899,16.52,9.665,316.67,0.58,-0.43,0.06
17041,8583047,63.4405456,10.3486897,16.51,9.657,316.64,0.58,-0.43,0.07
17054,8583087,63.4405457,10.3486894,16.5,9.641,316.56,0.58,-0.42,0.09
17068,8583127,63.4405459,10.3486891,16.48,9.626,316.47,0.57,-0.41,0.1
17072,8583147,63.440546,10.3486889,16.48,9.621,316.42,0.57,-0.41,0.1
17085,8583187,63.4405462,10.3486886,16.47,9.61,316.29,0.57,-0.4,0.09
17100,8583227,63.4405464,10.3486883,16.46,9.601,316.15,0.56,-0.39,0.08
17104,8583247,63.4405465,10.3486881,16.45,9.599,316.08,0.56,-0.39,0.08
17117,8583287,63.4405467,10.3486878,16.45,9.597,315.92,0.55,-0.39,0.06
17124,8583327,63.4405469,10.3486875,16.45,9.595,315.76,0.54,-0.38,0.04
17135,8583347,63.440547,10.3486874,16.45,9.597,315.67,0.54,-0.38,0.03
17150,8583387,63.4405472,10.3486871,16.46,9.6,315.51,0.53,-0.37,0.01
17158,8583427,63.4405473,10.3486868,16.46,9.603,315.34,0.52,-0.37,0.0
17168,8583447,63.4405474,10.3486867,16.46,9.605,315.26,0.52,-0.36,0.0
17181,8583487,63.4405476,10.3486864,16.47,9.61,315.09,0.51,-0.36,-0.01
17195,8583527,63.4405478,10.3486861,16.47,9.614,314.92,0.5,-0.35,-0.01
17200,8583547,63.4405479,10.3486859,16.47,9.615,314.83,0.5,-0.35,-0.01
17213,8583587,63.440548,10.3486856,16.47,9.617,314.65,0.49,-0.34,-0.01
17221,8583627,63.4405482,10.3486854,16.47,9.619,314.46,0.48,-0.34,0.0
17232,8583647,63.4405483,10.3486852,16.47,9.618,314.35,0.48,-0.33,0.0
17245,8583687,63.4405484,10.3486849,16.47,9.616,314.15,0.47,-0.32,0.0
17249,8583707,63.4405485,10.3486848,16.47,9.615,314.05,0.46,-0.31,0.01
17263,8583747,63.4405487,10.3486845,16.47,9.612,313.86,0.45,-0.3,0.01
17276,8583787,63.4405488,10.3486843,16.46,9.609,313.69,0.44,-0.29,0.01
17280,8583807,63.4405489,10.3486842,16.46,9.607,313.61,0.44,-0.28,0.01
17294,8583847,63.4405491,10.3486839,16.46,9.605,313.46,0.43,-0.26,0.01
17308,8583887,63.4405492,10.3486837,16.46,9.603,313.31,0.41,-0.24,0.0
17312,8583907,63.4405493,10.3486836,16.46,9.603,313.22,0.4,-0.24,0.0
17326,8583947,63.4405494,10.3486834,16.46,9.603,313.03,0.38,-0.22,0.0
17339,8583987,63.4405495,10.3486832,16.46,9.605,312.79,0.36,-0.21,-0.01
17343,8584007,63.4405496,10.3486831,16.46,9.606,312.65,0.35,-0.21,-0.02
17357,8584047,63.4405497,10.3486829,16.46,9.608,312.35,0.33,-0.2,-0.03
17370,8584087,63.4405498,10.3486827,16.47,9.612,312.03,0.32,-0.19,-0.04
17374,8584107,63.4405499,10.3486826,16.47,9.614,311.85,0.3,-0.19,-0.04
17388,8584147,63.44055,10.3486824,16.47,9.616,311.49,0.29,-0.18,-0.04
17401,8584187,63.4405501,10.3486823,16.47,9.618,311.12,0.27,-0.17,-0.04
17406,8584207,63.4405501,10.3486822,16.47,9.619,310.94,0.26,-0.16,-0.04
17420,8584247,63.4405502,10.348682,16.47,9.619,310.59,0.24,-0.15,-0.04
17433,8584287,63.4405503,10.3486819,16.47,9.616,310.25,0.23,-0.15,-0.03
17437,8584307,63.4405503,10.3486818,16.47,9.615,310.09,0.22,-0.14,-0.03
17451,8584347,63.4405504,10.3486816,16.46,9.609,309.76,0.21,-0.14,-0.02
17457,8584367,63.4405504,10.3486815,16.46,9.605,309.61,0.2,-0.14,-0.02
17470,8584407,63.4405505,10.3486814,16.45,9.598,309.29,0.2,-0.14,-0.02
17484,8584447,63.4405506,10.3486812,16.44,9.589,308.98,0.19,-0.13,-0.02
17488,8584467,63.4405506,10.3486811,16.44,9.583,308.83,0.18,-0.13,-0.02
17501,8584507,63.4405507,10.348681,16.43,9.572,308.51,0.17,-0.13,-0.01
17516,8584547,63.4405507,10.3486808,16.42,9.56,308.21,0.16,-0.13,-0.01
17520,8584567,63.4405507,10.3486807,16.41,9.554,308.06,0.16,-0.12,-0.01
17534,8584607,63.4405508,10.3486806,16.4,9.542,307.75,0.15,-0.12,-0.01
17551,8584647,63.4405509,10.3486804,16.39,9.53,307.49,0.14,-0.11,-0.01
17554,8584667,63.4405509,10.3486804,16.38,9.523,307.36,0.14,-0.1,-0.01
17568,8584707,63.4405509,10.3486802,16.37,9.512,307.13,0.13,-0.1,0.0
17581,8584747,63.440551,10.3486801,16.36,9.502,306.94,0.12,-0.09,0.0
17585,8584767,63.440551,10.34868,16.35,9.498,306.85,0.12,-0.08,0.01
17598,8584807,63.440551,10.3486799,16.34,9.489,306.7,0.12,-0.07,0.02
17612,8584847,63.4405511,10.3486798,16.34,9.484,306.58,0.11,-0.06,0.03
17620,8584867,63.4405511,10.3486798,16.34,9.482,306.53,0.11,-0.06,0.04
17630,8584907,63.4405511,10.3486796,16.33,9.479,306.43,0.11,-0.06,0.04
17644,8584947,63.4405511,10.3486795,16.33,9.479,306.35,0.11,-0.05,0.05
17648,8584967,63.4405511,10.3486795,16.34,9.48,306.31,0.11,-0.05,0.05
17661,8585007,63.4405512,10.3486794,16.34,9.482,306.22,0.1,-0.05,0.05
17674,8585027,63.4405512,10.3486794,16.34,9.482,306.17,0.1,-0.05,0.05
17679,8585067,63.4405512,10.3486793,16.34,9.488,306.08,0.1,-0.05,0.05
17692,8585107,63.4405512,10.3486792,16.35,9.494,305.98,0.1,-0.05,0.04
17705,8585127,63.4405512,10.3486791,16.35,9.497,305.92,0.09,-0.04,0.03
17710,8585167,63.4405513,10.348679,16.36,9.504,305.82,0.09,-0.04,0.02
17724,8585207,63.4405513,10.348679,16.37,9.51,305.7,0.08,-0.04,0.0
17737,8585227,63.4405513,10.3486789,16.37,9.513,305.64,0.08,-0.04,0.0
17742,8585267,63.4405513,10.3486789,16.37,9.516,305.54,0.08,-0.04,-0.01
17755,8585307,63.4405513,10.3486788,16.38,9.52,305.47,0.07,-0.03,-0.02
17762,8585327,63.4405513,10.3486788,16.38,9.522,305.44,0.07,-0.03,-0.03
17773,8585367,63.4405513,10.3486787,16.38,9.52,305.4,0.06,-0.03,-0.04
17788,8585407,63.4405513,10.3486786,16.37,9.519,305.37,0.05,-0.02,-0.04
17801,8585427,63.4405513,10.3486786,16.37,9.519,305.36,0.05,-0.02,-0.04
17806,8585467,63.4405513,10.3486786,16.37,9.511,305.34,0.04,-0.02,-0.03
17819,8585507,63.4405513,10.3486785,16.36,9.505,305.31,0.04,-0.03,-0.03
17833,8585527,63.4405513,10.3486785,16.36,9.502,305.29,0.04,-0.03,-0.03
17838,8585567,63.4405513,10.3486784,16.35,9.491,305.24,0.03,-0.03,-0.02
17852,8585607,63.4405512,10.3486784,16.34,9.481,305.18,0.02,-0.04,-0.01
17865,8585627,63.4405512,10.3486784,16.33,9.477,305.15,0.02,-0.04,0.0
17870,8585667,63.4405512,10.3486783,16.32,9.466,305.09,0.02,-0.04,0.0
17882,8585687,63.4405512,10.3486783,16.32,9.462,305.05,0.01,-0.04,0.0
17896,8585727,63.4405512,10.3486782,16.31,9.453,304.99,0.01,-0.04,0.02
17901,8585767,63.4405512,10.3486782,16.3,9.446,304.94,0.01,-0.04,0.03
17913,8585787,63.4405511,10.3486782,16.3,9.443,304.91,0.0,-0.04,0.04
17927,8585827,63.4405511,10.3486781,16.29,9.436,304.87,0.01,-0.04,0.05
17938,8585867,63.4405511,10.3486781,16.29,9.434,304.85,0.01,-0.03,0.07
17945,8585887,63.4405511,10.348678,16.29,9.433,304.85,0.01,-0.03,0.07
17959,8585927,63.4405511,10.348678,16.29,9.43,304.85,0.01,-0.03,0.09
17964,8585967,63.4405511,10.348678,16.29,9.432,304.87,0.01,-0.03,0.1
17976,8585987,63.4405511,10.348678,16.29,9.433,304.88,0.01,-0.02,0.1
17987,8586027,63.4405511,10.3486779,16.29,9.433,304.91,0.02,-0.02,0.11
17995,8586067,63.4405511,10.3486779,16.29,9.438,304.94,0.02,-0.02,0.11
18007,8586087,63.4405511,10.3486779,16.3,9.44,304.96,0.02,-0.02,0.12
18021,8586127,63.440551,10.3486779,16.3,9.443,304.99,0.02,-0.02,0.11
18026,8586167,63.440551,10.3486778,16.3,9.449,305.01,0.03,-0.02,0.11
18040,8586187,63.440551,10.3486778,16.31,9.451,305.02,0.03,-0.02,0.1
18050,8586227,63.440551,10.3486778,16.31,9.455,305.04,0.03,-0.01,0.09
18058,8586267,63.440551,10.3486778,16.31,9.459,305.06,0.03,-0.01,0.08
18070,8586287,63.440551,10.3486778,16.32,9.461,305.07,0.04,0.0,0.08
18082,8586327,63.440551,10.3486778,16.32,9.465,305.09,0.04,0.0,0.07
18088,8586347,63.4405509,10.3486778,16.32,9.466,305.11,0.04,0.0,0.06
18103,8586387,63.4405509,10.3486778,16.32,9.466,305.14,0.04,0.01,0.05
18117,8586427,63.4405509,10.3486778,16.32,9.467,305.18,0.05,0.01,0.04
18121,8586447,63.4405509,10.3486778,16.32,9.464,305.2,0.05,0.02,0.04
18134,8586487,63.4405508,10.3486778,16.31,9.459,305.24,0.05,0.03,0.03
18148,8586527,63.4405508,10.3486778,16.31,9.456,305.3,0.06,0.04,0.03
18153,8586547,63.4405508,10.3486779,16.31,9.45,305.32,0.06,0.04,0.03
18166,8586587,63.4405508,10.3486779,16.3,9.441,305.37,0.06,0.05,0.02
18174,8586627,63.4405508,10.3486779,16.29,9.433,305.42,0.06,0.06,0.02
18185,8586647,63.4405508,10.3486779,16.28,9.426,305.44,0.06,0.06,0.02
18198,8586687,63.4405508,10.348678,16.27,9.413,305.48,0.07,0.07,0.03
18212,8586727,63.4405508,10.348678,16.26,9.402,305.53,0.07,0.08,0.03
18225,8586747,63.4405508,10.3486781,16.25,9.395,305.55,0.07,0.08,0.03
18240,8586787,63.4405508,10.3486781,16.24,9.383,305.59,0.07,0.09,0.03
18243,8586827,63.4405508,10.3486782,16.23,9.372,305.64,0.07,0.1,0.04
18257,8586847,63.4405508,10.3486783,16.22,9.366,305.67,0.07,0.11,0.04
18261,8586887,63.4405508,10.3486784,16.21,9.356,305.72,0.07,0.11,0.04
18268,8586927,63.4405508,10.3486785,16.2,9.348,305.78,0.07,0.12,0.05
18280,8586947,63.4405507,10.3486785,16.2,9.345,305.81,0.07,0.12,0.05
18294,8586987,63.4405507,10.3486786,16.2,9.34,305.86,0.07,0.12,0.05
18297,8587007,63.4405507,10.3486787,16.19,9.338,305.88,0.07,0.13,0.06
18311,8587047,63.4405508,10.3486788,16.19,9.336,305.93,0.08,0.12,0.06
18323,8587087,63.4405508,10.3486789,16.19,9.336,305.97,0.08,0.12,0.06
18327,8587107,63.4405507,10.3486789,16.19,9.336,305.99,0.08,0.12,0.06
18341,8587147,63.4405507,10.348679,16.19,9.339,306.03,0.08,0.12,0.06
18354,8587187,63.4405507,10.3486791,16.2,9.343,306.08,0.08,0.12,0.05
18359,8587207,63.4405507,10.3486792,16.2,9.345,306.11,0.08,0.12,0.05
18373,8587247,63.4405508,10.3486793,16.21,9.351,306.18,0.08,0.11,0.04
18386,8587287,63.4405508,10.3486794,16.21,9.358,306.26,0.08,0.11,0.03
18390,8587307,63.4405508,10.3486794,16.22,9.361,306.31,0.08,0.1,0.02
18404,8587347,63.4405508,10.3486795,16.22,9.368,306.41,0.07,0.1,0.0
18419,8587387,63.4405508,10.3486795,16.23,9.375,306.52,0.07,0.09,-0.01
18423,8587407,63.4405508,10.3486796,16.23,9.378,306.58,0.07,0.09,-0.02
18437,8587447,63.4405508,10.3486797,16.24,9.383,306.71,0.06,0.08,-0.04
18450,8587487,63.4405508,10.3486797,16.24,9.387,306.84,0.06,0.07,-0.06
18454,8587507,63.4405508,10.3486798,16.24,9.389,306.9,0.05,0.07,-0.06
18469,8587547,63.4405507,10.3486798,16.25,9.39,307.02,0.04,0.06,-0.07
18482,8587587,63.4405507,10.3486799,16.24,9.388,307.13,0.04,0.05,-0.08
18487,8587607,63.4405507,10.3486799,16.24,9.387,307.18,0.04,0.04,-0.09
18501,8587647,63.4405507,10.34868,16.24,9.383,307.27,0.03,0.03,-0.09
18505,8587667,63.4405507,10.34868,16.23,9.379,307.31,0.03,0.02,-0.08
18518,8587707,63.4405507,10.3486801,16.23,9.372,307.38,0.02,0.01,-0.08
18532,8587747,63.4405507,10.3486801,16.22,9.363,307.44,0.02,0.0,-0.06
18536,8587767,63.4405507,10.3486801,16.21,9.358,307.48,0.02,0.0,-0.06
18549,8587807,63.4405507,10.3486801,16.2,9.348,307.53,0.02,-0.01,-0.04
18563,8587847,63.4405507,10.3486801,16.19,9.338,307.59,0.01,-0.02,-0.03
18568,8587867,63.4405507,10.3486802,16.19,9.333,307.62,0.01,-0.02,-0.02
18581,8587907,63.4405507,10.3486802,16.18,9.323,307.68,0.01,-0.03,-0.01
18595,8587947,63.4405507,10.3486802,16.17,9.314,307.74,0.01,-0.04,0.0
18599,8587967,63.4405507,10.3486802,16.17,9.311,307.78,0.0,-0.04,0.0
18612,8588007,63.4405506,10.3486802,16.16,9.304,307.84,0.0,-0.05,0.0
18626,8588047,63.4405506,10.3486801,16.15,9.299,307.9,0.0,-0.06,0.0
18630,8588067,63.4405506,10.3486801,16.15,9.298,307.93,0.0,-0.06,0.0
18643,8588107,63.4405506,10.3486801,16.15,9.296,307.98,0.0,-0.07,0.0
18657,8588147,63.4405506,10.3486801,16.15,9.295,308.03,0.0,-0.08,0.0
18661,8588167,63.4405506,10.34868,16.15,9.295,308.05,0.0,-0.08,0.0
18675,8588207,63.4405505,10.34868,16.15,9.295,308.07,-0.01,-0.09,0.0
18689,8588247,63.4405505,10.3486799,16.15,9.296,308.1,-0.01,-0.1,0.0
18693,8588267,63.4405505,10.3486799,16.15,9.297,308.1,-0.01,-0.1,0.0
18706,8588307,63.4405505,10.3486799,16.15,9.299,308.11,-0.02,-0.11,0.0
18714,8588327,63.4405505,10.3486798,16.15,9.299,308.12,-0.02,-0.11,0.0
18724,8588367,63.4405505,10.3486798,16.16,9.301,308.12,-0.02,-0.11,0.0
18739,8588407,63.4405504,10.3486797,16.16,9.302,308.12,-0.02,-0.12,0.01
18747,8588427,63.4405504,10.3486796,16.16,9.303,308.12,-0.02,-0.12,0.01
18757,8588467,63.4405504,10.3486796,16.16,9.304,308.11,-0.02,-0.12,0.02
18770,8588507,63.4405504,10.3486796,16.16,9.305,308.09,-0.02,-0.12,0.03
18784,8588527,63.4405504,10.3486795,16.16,9.305,308.07,-0.02,-0.12,0.03
18789,8588567,63.4405504,10.3486795,16.16,9.307,308.04,-0.02,-0.12,0.04
18803,8588607,63.4405503,10.3486794,16.16,9.308,307.99,-0.02,-0.12,0.05
18811,8588627,63.4405503,10.3486793,16.16,9.308,307.96,-0.03,-0.12,0.06
18830,8588667,63.4405503,10.3486792,16.17,9.311,307.9,-0.03,-0.12,0.07
18835,8588707,63.4405503,10.3486792,16.17,9.313,307.83,-0.03,-0.12,0.07
18847,8588727,63.4405503,10.3486791,16.17,9.313,307.8,-0.03,-0.11,0.07
18852,8588767,63.4405503,10.348679,16.17,9.316,307.74,-0.03,-0.11,0.07
18865,8588807,63.4405503,10.3486789,16.17,9.319,307.68,-0.02,-0.1,0.06
18874,8588827,63.4405503,10.3486789,16.18,9.32,307.65,-0.03,-0.1,0.06
18884,8588867,63.4405503,10.3486788,16.18,9.322,307.61,-0.03,-0.09,0.05
18898,8588907,63.4405502,10.3486788,16.18,9.325,307.56,-0.02,-0.09,0.04
18911,8588927,63.4405502,10.3486787,16.18,9.327,307.54,-0.02,-0.09,0.03
18915,8588967,63.4405502,10.3486787,16.18,9.328,307.49,-0.02,-0.09,0.02
18927,8588987,63.4405502,10.3486786,16.18,9.329,307.46,-0.02,-0.08,0.01
18941,8589027,63.4405502,10.3486786,16.19,9.331,307.4,-0.02,-0.08,0.01
18955,8589067,63.4405502,10.3486785,16.18,9.328,307.34,-0.02,-0.07,0.01
18958,8589087,63.4405502,10.3486785,16.18,9.327,307.31,-0.02,-0.07,0.01
18972,8589127,63.4405502,10.3486784,16.18,9.325,307.26,-0.01,-0.06,0.02
18977,8589167,63.4405502,10.3486784,16.17,9.317,307.22,-0.01,-0.05,0.03
18991,8589187,63.4405502,10.3486783,16.17,9.314,307.2,-0.01,-0.05,0.04
19004,8589227,63.4405502,10.3486783,16.16,9.306,307.17,0.0,-0.04,0.06
19009,8589267,63.4405502,10.3486783,16.15,9.294,307.16,0.0,-0.03,0.08
19021,8589287,63.4405502,10.3486783,16.14,9.288,307.16,0.0,-0.02,0.09
19035,8589327,63.4405502,10.3486782,16.13,9.277,307.17,0.01,-0.01,0.11
19040,8589367,63.4405502,10.3486782,16.12,9.265,307.17,0.01,-0.01,0.12
19054,8589387,63.4405502,10.3486782,16.11,9.259,307.17,0.01,0.0,0.13
19063,8589427,63.4405502,10.3486782,16.1,9.248,307.17,0.02,0.0,0.13
19073,8589467,63.4405502,10.3486782,16.1,9.242,307.16,0.02,0.0,0.12
19085,8589487,63.4405502,10.3486782,16.09,9.239,307.15,0.03,0.01,0.12
19100,8589527,63.4405502,10.3486782,16.09,9.234,307.11,0.03,0.01,0.1
19105,8589567,63.4405503,10.3486782,16.09,9.237,307.07,0.03,0.02,0.08
19117,8589587,63.4405503,10.3486782,16.09,9.238,307.04,0.03,0.02,0.07
19126,8589627,63.4405503,10.3486782,16.1,9.24,306.98,0.03,0.03,0.04
19136,8589647,63.4405503,10.3486782,16.1,9.244,306.95,0.03,0.04,0.03
19149,8589687,63.4405503,10.3486782,16.11,9.252,306.89,0.03,0.05,0.01
19159,8589727,63.4405503,10.3486782,16.12,9.26,306.83,0.02,0.06,0.0
19167,8589747,63.4405503,10.3486783,16.12,9.264,306.81,0.02,0.06,0.0
19180,8589787,63.4405503,10.3486783,16.13,9.272,306.77,0.02,0.07,-0.01
19190,8589827,63.4405503,10.3486784,16.13,9.279,306.74,0.02,0.08,-0.01
19199,8589847,63.4405503,10.3486784,16.14,9.281,306.73,0.02,0.09,-0.01
19212,8589887,63.4405503,10.3486785,16.14,9.285,306.72,0.02,0.09,0.0
19220,8589927,63.4405503,10.3486786,16.14,9.288,306.72,0.02,0.1,0.0
19230,8589947,63.4405503,10.3486786,16.14,9.287,306.73,0.02,0.1,0.0
19243,8589987,63.4405503,10.3486787,16.14,9.286,306.75,0.03,0.1,0.01
19253,8590027,63.4405503,10.3486788,16.14,9.285,306.77,0.03,0.1,0.02
19261,8590047,63.4405503,10.3486788,16.14,9.282,306.78,0.03,0.1,0.03
19274,8590087,63.4405503,10.3486789,16.13,9.278,306.8,0.04,0.1,0.04
19283,8590127,63.4405503,10.348679,16.13,9.273,306.81,0.04,0.1,0.05
19292,8590147,63.4405503,10.348679,16.13,9.27,306.82,0.04,0.09,0.06
19305,8590187,63.4405503,10.3486791,16.12,9.264,306.83,0.04,0.09,0.06
19318,8590227,63.4405504,10.3486792,16.11,9.258,306.82,0.04,0.09,0.06
19324,8590247,63.4405504,10.3486792,16.11,9.256,306.81,0.04,0.08,0.06
19337,8590287,63.4405504,10.3486793,16.11,9.252,306.79,0.04,0.08,0.06
19351,8590307,63.4405504,10.3486794,16.11,9.25,306.78,0.04,0.08,0.06
19355,8590347,63.4405504,10.3486794,16.1,9.248,306.75,0.05,0.07,0.05
19370,8590387,63.4405504,10.3486795,16.1,9.247,306.71,0.05,0.07,0.05
19384,8590407,63.4405504,10.3486795,16.1,9.247,306.69,0.05,0.07,0.05
19388,8590447,63.4405504,10.3486796,16.1,9.248,306.66,0.05,0.07,0.04
19401,8590487,63.4405504,10.3486797,16.11,9.251,306.63,0.04,0.07,0.04
19405,8590507,63.4405505,10.3486797,16.11,9.252,306.62,0.04,0.07,0.04
19420,8590547,63.4405505,10.3486798,16.11,9.255,306.61,0.04,0.07,0.03
19433,8590587,63.4405505,10.3486799,16.11,9.259,306.61,0.04,0.07,0.02
19438,8590607,63.4405505,10.3486799,16.12,9.261,306.62,0.04,0.07,0.02
19452,8590647,63.4405505,10.34868,16.12,9.265,306.65,0.04,0.06,0.01
19465,8590687,63.4405505,10.3486801,16.12,9.269,306.69,0.03,0.06,0.0
19469,8590707,63.4405505,10.3486802,16.13,9.271,306.71,0.03,0.06,0.0
19483,8590747,63.4405505,10.3486802,16.13,9.274,306.75,0.03,0.05,-0.02
19496,8590787,63.4405505,10.3486803,16.13,9.277,306.79,0.02,0.04,-0.03
19500,8590807,63.4405505,10.3486803,16.13,9.278,306.8,0.02,0.04,-0.04
19514,8590847,63.4405505,10.3486804,16.14,9.28,306.83,0.02,0.03,-0.06
19528,8590887,63.4405505,10.3486805,16.14,9.281,306.84,0.01,0.02,-0.08
19532,8590907,63.4405505,10.3486805,16.14,9.282,306.84,0.01,0.01,-0.09
19546,8590947,63.4405505,10.3486806,16.14,9.283,306.83,0.0,0.0,-0.11
19550,8590967,63.4405505,10.3486806,16.14,9.282,306.83,0.0,0.0,-0.11
19563,8591007,63.4405505,10.3486806,16.14,9.282,306.81,0.0,0.0,-0.12
19577,8591047,63.4405505,10.3486806,16.14,9.28,306.8,0.0,-0.01,-0.13
19581,8591067,63.4405505,10.3486806,16.13,9.278,306.8,0.0,-0.01,-0.13
19594,8591107,63.4405505,10.3486807,16.13,9.274,306.79,-0.01,-0.02,-0.12
19608,8591147,63.4405505,10.3486807,16.13,9.27,306.81,-0.01,-0.03,-0.12
19612,8591167,63.4405505,10.3486807,16.12,9.267,306.82,-0.01,-0.03,-0.11
19626,8591207,63.4405504,10.3486807,16.12,9.261,306.85,-0.02,-0.04,-0.1
19640,8591247,63.4405504,10.3486806,16.11,9.256,306.89,-0.02,-0.05,-0.09
19644,8591267,63.4405504,10.3486806,16.11,9.254,306.92,-0.02,-0.06,-0.08
19657,8591307,63.4405504,10.3486806,16.1,9.249,306.97,-0.03,-0.07,-0.07
19671,8591347,63.4405504,10.3486805,16.1,9.245,307.03,-0.03,-0.08,-0.06
19675,8591367,63.4405504,10.3486805,16.1,9.244,307.05,-0.03,-0.09,-0.06
19690,8591407,63.4405504,10.3486805,16.1,9.242,307.09,-0.04,-0.1,-0.05
19704,8591447,63.4405504,10.3486804,16.1,9.243,307.13,-0.05,-0.1,-0.04
19708,8591467,63.4405504,10.3486804,16.1,9.244,307.15,-0.05,-0.11,-0.04
19721,8591507,63.4405504,10.3486804,16.1,9.247,307.16,-0.06,-0.12,-0.03
19736,8591547,63.4405504,10.3486803,16.11,9.251,307.15,-0.06,-0.14,-0.02
19740,8591567,63.4405504,10.3486802,16.11,9.254,307.14,-0.06,-0.14,-0.02
19754,8591607,63.4405504,10.3486801,16.12,9.26,307.1,-0.06,-0.15,0.0
19767,8591627,63.4405504,10.3486801,16.12,9.262,307.07,-0.06,-0.16,0.0
19772,8591667,63.4405503,10.3486799,16.13,9.27,307.01,-0.06,-0.16,0.01
19785,8591707,63.4405503,10.3486798,16.13,9.276,306.93,-0.05,-0.17,0.04
19792,8591727,63.4405503,10.3486798,16.13,9.278,306.89,-0.05,-0.17,0.05
19804,8591767,63.4405503,10.3486796,16.14,9.284,306.81,-0.05,-0.17,0.07
19817,8591807,63.4405503,10.3486795,16.14,9.287,306.73,-0.04,-0.17,0.09
19828,8591827,63.4405503,10.3486795,16.14,9.289,306.69,-0.04,-0.17,0.1
19836,8591867,63.4405502,10.3486793,16.15,9.292,306.61,-0.04,-0.16,0.12
19849,8591907,63.4405502,10.3486792,16.15,9.295,306.54,-0.04,-0.16,0.12
19862,8591927,63.4405502,10.3486792,16.15,9.296,306.51,-0.03,-0.16,0.12
19867,8591967,63.4405502,10.348679,16.15,9.298,306.45,-0.03,-0.16,0.12
19880,8592007,63.4405502,10.3486789,16.16,9.3,306.39,-0.03,-0.15,0.11
19884,8592027,63.4405502,10.3486789,16.16,9.301,306.37,-0.03,-0.15,0.11
19898,8592067,63.4405502,10.3486788,16.16,9.301,306.31,-0.03,-0.14,0.1
19911,8592107,63.4405502,10.3486787,16.16,9.302,306.25,-0.03,-0.13,0.08
19924,8592127,63.4405502,10.3486786,16.16,9.303,306.23,-0.03,-0.13,0.07
19929,8592167,63.4405502,10.3486785,16.16,9.301,306.17,-0.03,-0.12,0.06
19943,8592207,63.4405502,10.3486785,16.16,9.3,306.11,-0.03,-0.11,0.05
19954,8592227,63.4405502,10.3486784,16.16,9.3,306.08,-0.03,-0.1,0.04
19961,8592267,63.4405502,10.3486783,16.15,9.295,306.02,-0.02,-0.09,0.04
19973,8592287,63.4405502,10.3486783,16.15,9.293,305.99,-0.02,-0.08,0.03
19987,8592327,63.4405502,10.3486782,16.14,9.289,305.94,-0.02,-0.06,0.03
19992,8592367,63.4405502,10.3486782,16.14,9.282,305.9,-0.01,-0.04,0.04
20006,8592387,63.4405502,10.3486782,16.13,9.279,305.89,-0.01,-0.03,0.04
20020,8592427,63.4405502,10.3486782,16.13,9.273,305.88,0.0,-0.01,0.05
20025,8592467,63.4405502,10.3486782,16.12,9.266,305.88,0.0,0.0,0.06
20037,8592487,63.4405502,10.3486781,16.12,9.263,305.88,0.0,0.01,0.07
